Workbook

Sheet allJGB
A1: orig | B1: path | C1: song_orig | D1: segue | E1: song1 | F1: song2 | G1: song3 | H1: song4
A2: 1 | B2: Z:\Jerry Garcia\1960-1969\jg1961-07-xx.017381.gh.aud.vernon.sbeok.t-flac16\garcia61-07-XXd1t01.flac | C2: Banjo Instrumental | D2: =IF(RIGHT(TRIM(C2),2)="->",">",IF(RIGHT(TRIM(C2),1)=">",">","")) | E2: =LOWER(TRIM(SUBSTITUTE(IF(RIGHT(TRIM(C2),2)="->",LEFT(TRIM(C2),LEN(TRIM(C2))-2),IF(RIGHT(TRIM(C2),1)=">",LEFT(TRIM(C2),LEN(TRIM(C2))-1),C2)),"//",""))) -> banjo instrumental | F2: banjo instrumental | G2: =_xlfn.IFNA(VLOOKUP(F2,songs!$B$1:$C$1539, 2, FALSE),"") | H2: Banjo
A3: 2 | B3: Z:\Jerry Garcia\1960-1969\jg1961-07-xx.017381.gh.aud.vernon.sbeok.t-flac16\garcia61-07-XXd1t02.flac | C3: Poor Ellen Smith | D3: =IF(RIGHT(TRIM(C3),2)="->",">",IF(RIGHT(TRIM(C3),1)=">",">","")) | E3: =LOWER(TRIM(SUBSTITUTE(IF(RIGHT(TRIM(C3),2)="->",LEFT(TRIM(C3),LEN(TRIM(C3))-2),IF(RIGHT(TRIM(C3),1)=">",LEFT(TRIM(C3),LEN(TRIM(C3))-1),C3)),"//",""))) -> poor ellen smith | F3: poor ellen smith | G3: =_xlfn.IFNA(VLOOKUP(F3,songs!$B$1:$C$1539, 2, FALSE),"") -> Poor Ellen Smith | H3: Poor Ellen Smith
A4: 3 | B4: Z:\Jerry Garcia\1960-1969\jg1961-07-xx.017381.gh.aud.vernon.sbeok.t-flac16\garcia61-07-XXd1t03.flac | C4: Wildwood Flower | D4: =IF(RIGHT(TRIM(C4),2)="->",">",IF(RIGHT(TRIM(C4),1)=">",">","")) | E4: =LOWER(TRIM(SUBSTITUTE(IF(RIGHT(TRIM(C4),2)="->",LEFT(TRIM(C4),LEN(TRIM(C4))-2),IF(RIGHT(TRIM(C4),1)=">",LEFT(TRIM(C4),LEN(TRIM(C4))-1),C4)),"//",""))) -> wildwood flower | F4: wildwood flower | G4: =_xlfn.IFNA(VLOOKUP(F4,songs!$B$1:$C$1539, 2, FALSE),"") -> Wildwood Flower | H4: Wildwood Flower
A5: 4 | B5: Z:\Jerry Garcia\1960-1969\jg1961-07-xx.017381.gh.aud.vernon.sbeok.t-flac16\garcia61-07-XXd1t04.flac | C5: Brown's Ferry Blues | D5: =IF(RIGHT(TRIM(C5),2)="->",">",IF(RIGHT(TRIM(C5),1)=">",">","")) | E5: =LOWER(TRIM(SUBSTITUTE(IF(RIGHT(TRIM(C5),2)="->",LEFT(TRIM(C5),LEN(TRIM(C5))-2),IF(RIGHT(TRIM(C5),1)=">",LEFT(TRIM(C5),LEN(TRIM(C5))-1),C5)),"//",""))) -> brown's ferry blues | F5: brown's ferry blues | G5: =_xlfn.IFNA(VLOOKUP(F5,songs!$B$1:$C$1539, 2, FALSE),"") -> Brown's Ferry Blues | H5: Brown's Ferry Blues
A6: 5 | B6: Z:\Jerry Garcia\1960-1969\jg1961-07-xx.017381.gh.aud.vernon.sbeok.t-flac16\garcia61-07-XXd1t05.flac | C6: Jesse James | D6: =IF(RIGHT(TRIM(C6),2)="->",">",IF(RIGHT(TRIM(C6),1)=">",">","")) | E6: =LOWER(TRIM(SUBSTITUTE(IF(RIGHT(TRIM(C6),2)="->",LEFT(TRIM(C6),LEN(TRIM(C6))-2),IF(RIGHT(TRIM(C6),1)=">",LEFT(TRIM(C6),LEN(TRIM(C6))-1),C6)),"//",""))) -> jesse james | F6: jesse james | G6: =_xlfn.IFNA(VLOOKUP(F6,songs!$B$1:$C$1539, 2, FALSE),"") -> Jesse James | H6: Jesse James
A7: 6 | B7: Z:\Jerry Garcia\1960-1969\jg1961-07-xx.017381.gh.aud.vernon.sbeok.t-flac16\garcia61-07-XXd1t06.flac | C7: Late Last Night When Willie Came Home | D7: =IF(RIGHT(TRIM(C7),2)="->",">",IF(RIGHT(TRIM(C7),1)=">",">","")) | E7: =LOWER(TRIM(SUBSTITUTE(IF(RIGHT(TRIM(C7),2)="->",LEFT(TRIM(C7),LEN(TRIM(C7))-2),IF(RIGHT(TRIM(C7),1)=">",LEFT(TRIM(C7),LEN(TRIM(C7))-1),C7)),"//",""))) -> late last night when willie came home | F7: late last night when willie came home | G7: =_xlfn.IFNA(VLOOKUP(F7,songs!$B$1:$C$1539, 2, FALSE),"") -> Late Last Night When Willie Came Home | H7: Late Last Night When Willie Came Home
A8: 7 | B8: Z:\Jerry Garcia\1960-1969\jg1961-07-xx.017381.gh.aud.vernon.sbeok.t-flac16\garcia61-07-XXd1t07.flac | C8: All the Good Times Are Passed and Gone | D8: =IF(RIGHT(TRIM(C8),2)="->",">",IF(RIGHT(TRIM(C8),1)=">",">","")) | E8: =LOWER(TRIM(SUBSTITUTE(IF(RIGHT(TRIM(C8),2)="->",LEFT(TRIM(C8),LEN(TRIM(C8))-2),IF(RIGHT(TRIM(C8),1)=">",LEFT(TRIM(C8),LEN(TRIM(C8))-1),C8)),"//",""))) -> all the good times are passed and gone | F8: all the good times are passed and gone | G8: =_xlfn.IFNA(VLOOKUP(F8,songs!$B$1:$C$1539, 2, FALSE),"") | H8: All The Good Times Are Past And Gone
A9: 8 | B9: Z:\Jerry Garcia\1960-1969\jg1961-07-xx.017381.gh.aud.vernon.sbeok.t-flac16\garcia61-07-XXd1t08.flac | C9: Darling Corey | D9: =IF(RIGHT(TRIM(C9),2)="->",">",IF(RIGHT(TRIM(C9),1)=">",">","")) | E9: =LOWER(TRIM(SUBSTITUTE(IF(RIGHT(TRIM(C9),2)="->",LEFT(TRIM(C9),LEN(TRIM(C9))-2),IF(RIGHT(TRIM(C9),1)=">",LEFT(TRIM(C9),LEN(TRIM(C9))-1),C9)),"//",""))) -> darling corey | F9: darling corey | G9: =_xlfn.IFNA(VLOOKUP(F9,songs!$B$1:$C$1539, 2, FALSE),"") | H9: Darlin' Corey
A10: 9 | B10: Z:\Jerry Garcia\1960-1969\jg1961-07-xx.017381.gh.aud.vernon.sbeok.t-flac16\garcia61-07-XXd1t09.flac | C10: The Ballad of Harry Pollitt | D10: =IF(RIGHT(TRIM(C10),2)="->",">",IF(RIGHT(TRIM(C10),1)=">",">","")) | E10: =LOWER(TRIM(SUBSTITUTE(IF(RIGHT(TRIM(C10),2)="->",LEFT(TRIM(C10),LEN(TRIM(C10))-2),IF(RIGHT(TRIM(C10),1)=">",LEFT(TRIM(C10),LEN(TRIM(C10))-1),C10)),"//",""))) -> the ballad of harry pollitt | F10: the ballad of harry pollitt | G10: =_xlfn.IFNA(VLOOKUP(F10,songs!$B$1:$C$1539, 2, FALSE),"") | H10: The Ballad Of Harry Pollitt
A11: 10 | B11: Z:\Jerry Garcia\1960-1969\jg1961-64.130666.compilation.droncit.flac16\garcia1961-7-xx.t01.flac | C11: Banjo Instrumental | D11: =IF(RIGHT(TRIM(C11),2)="->",">",IF(RIGHT(TRIM(C11),1)=">",">","")) | E11: =LOWER(TRIM(SUBSTITUTE(IF(RIGHT(TRIM(C11),2)="->",LEFT(TRIM(C11),LEN(TRIM(C11))-2),IF(RIGHT(TRIM(C11),1)=">",LEFT(TRIM(C11),LEN(TRIM(C11))-1),C11)),"//",""))) -> banjo instrumental | F11: banjo instrumental | G11: =_xlfn.IFNA(VLOOKUP(F11,songs!$B$1:$C$1539, 2, FALSE),"") | H11: Banjo
A12: 11 | B12: Z:\Jerry Garcia\1960-1969\jg1961-64.130666.compilation.droncit.flac16\garcia1961-7-xx.t02.flac | C12: Poor Ellen Smith | D12: =IF(RIGHT(TRIM(C12),2)="->",">",IF(RIGHT(TRIM(C12),1)=">",">","")) | E12: =LOWER(TRIM(SUBSTITUTE(IF(RIGHT(TRIM(C12),2)="->",LEFT(TRIM(C12),LEN(TRIM(C12))-2),IF(RIGHT(TRIM(C12),1)=">",LEFT(TRIM(C12),LEN(TRIM(C12))-1),C12)),"//",""))) -> poor ellen smith | F12: poor ellen smith | G12: =_xlfn.IFNA(VLOOKUP(F12,songs!$B$1:$C$1539, 2, FALSE),"") -> Poor Ellen Smith | H12: Poor Ellen Smith
A13: 12 | B13: Z:\Jerry Garcia\1960-1969\jg1961-64.130666.compilation.droncit.flac16\garcia1961-7-xx.t03.flac | C13: Wildwood Flower | D13: =IF(RIGHT(TRIM(C13),2)="->",">",IF(RIGHT(TRIM(C13),1)=">",">","")) | E13: =LOWER(TRIM(SUBSTITUTE(IF(RIGHT(TRIM(C13),2)="->",LEFT(TRIM(C13),LEN(TRIM(C13))-2),IF(RIGHT(TRIM(C13),1)=">",LEFT(TRIM(C13),LEN(TRIM(C13))-1),C13)),"//",""))) -> wildwood flower | F13: wildwood flower | G13: =_xlfn.IFNA(VLOOKUP(F13,songs!$B$1:$C$1539, 2, FALSE),"") -> Wildwood Flower | H13: Wildwood Flower
... A121: 120 | B121: Z:\Jerry Garcia\1960-1969\jg1962-11-10,143683.csmff.aud.albin.miksis.t-flac16\223 Salty Dog Blues.flac | C121: Salty Dog Blues | D121: =IF(RIGHT(TRIM(C121),2)="->",">",IF(RIGHT(TRIM(C121),1)=">",">","")) | E121: =LOWER(TRIM(SUBSTITUTE(IF(RIGHT(TRIM(C121),2)="->",LEFT(TRIM(C121),LEN(TRIM(C121))-2),IF(RIGHT(TRIM(C121),1)=">",LEFT(TRIM(C121),LEN(TRIM(C121))-1),C121)),"//",""))) -> salty dog blues | F121: salty dog blues | G121: =_xlfn.IFNA(VLOOKUP(F121,songs!$B$1:$C$1539, 2, FALSE),"") -> Salty Dog Blues | H121: Salty Dog Blues
A122: 121 | B122: Z:\Jerry Garcia\1960-1969\jg1962-11-10,143683.csmff.aud.albin.miksis.t-flac16\224 Let Me Fly.flac | C122: Let Me Fly | D122: =IF(RIGHT(TRIM(C122),2)="->",">",IF(RIGHT(TRIM(C122),1)=">",">","")) | E122: =LOWER(TRIM(SUBSTITUTE(IF(RIGHT(TRIM(C122),2)="->",LEFT(TRIM(C122),LEN(TRIM(C122))-2),IF(RIGHT(TRIM(C122),1)=">",LEFT(TRIM(C122),LEN(TRIM(C122))-1),C122)),"//",""))) -> let me fly | F122: let me fly | G122: =_xlfn.IFNA(VLOOKUP(F122,songs!$B$1:$C$1539, 2, FALSE),"")
A123: 122 | B123: Z:\Jerry Garcia\1960-1969\jg1962-11-10,143683.csmff.aud.albin.miksis.t-flac16\225 Rollin' Stone.flac | C123: Rollin' Stone | D123: =IF(RIGHT(TRIM(C123),2)="->",">",IF(RIGHT(TRIM(C123),1)=">",">","")) | E123: =LOWER(TRIM(SUBSTITUTE(IF(RIGHT(TRIM(C123),2)="->",LEFT(TRIM(C123),LEN(TRIM(C123))-2),IF(RIGHT(TRIM(C123),1)=">",LEFT(TRIM(C123),LEN(TRIM(C123))-1),C123)),"//",""))) -> rollin' stone | F123: rollin' stone | G123: =_xlfn.IFNA(VLOOKUP(F123,songs!$B$1:$C$1539, 2, FALSE),"") | H123: Rollin' Stone
A124: 123 | B124: Z:\Jerry Garcia\1960-1969\jg1962-11-10,143683.csmff.aud.albin.miksis.t-flac16\226 If I Had a Hammer.flac | C124: If I Had a Hammer | D124: =IF(RIGHT(TRIM(C124),2)="->",">",IF(RIGHT(TRIM(C124),1)=">",">","")) | E124: =LOWER(TRIM(SUBSTITUTE(IF(RIGHT(TRIM(C124),2)="->",LEFT(TRIM(C124),LEN(TRIM(C124))-2),IF(RIGHT(TRIM(C124),1)=">",LEFT(TRIM(C124),LEN(TRIM(C124))-1),C124)),"//",""))) -> if i had a hammer | F124: if i had a hammer | G124: =_xlfn.IFNA(VLOOKUP(F124,songs!$B$1:$C$1539, 2, FALSE),"") | H124: If I Had A Hammer
A125: 124 | B125: Z:\Jerry Garcia\1960-1969\jg1962-11-10,143683.csmff.aud.albin.miksis.t-flac16\227 Jesse James (w_ Ken Armstrong on banjo).flac | C125: Jesse James | D125: =IF(RIGHT(TRIM(C125),2)="->",">",IF(RIGHT(TRIM(C125),1)=">",">","")) | E125: =LOWER(TRIM(SUBSTITUTE(IF(RIGHT(TRIM(C125),2)="->",LEFT(TRIM(C125),LEN(TRIM(C125))-2),IF(RIGHT(TRIM(C125),1)=">",LEFT(TRIM(C125),LEN(TRIM(C125))-1),C125)),"//",""))) -> jesse james | F125: jesse james | G125: =_xlfn.IFNA(VLOOKUP(F125,songs!$B$1:$C$1539, 2, FALSE),"") -> Jesse James | H125: Jesse James
A126: 125 | B126: Z:\Jerry Garcia\1960-1969\jg1962-11-10,143683.csmff.aud.albin.miksis.t-flac16\228 unknown.flac | C126: unknown | D126: =IF(RIGHT(TRIM(C126),2)="->",">",IF(RIGHT(TRIM(C126),1)=">",">","")) | E126: =LOWER(TRIM(SUBSTITUTE(IF(RIGHT(TRIM(C126),2)="->",LEFT(TRIM(C126),LEN(TRIM(C126))-2),IF(RIGHT(TRIM(C126),1)=">",LEFT(TRIM(C126),LEN(TRIM(C126))-1),C126)),"//",""))) -> unknown | F126: unknown | G126: =_xlfn.IFNA(VLOOKUP(F126,songs!$B$1:$C$1539, 2, FALSE),"") | H126: Unknown
A127: 126 | B127: Z:\Jerry Garcia\1960-1969\jg1962-11-10,143683.csmff.aud.albin.miksis.t-flac16\229 Scotch and Soda.flac | C127: Scotch and Soda | D127: =IF(RIGHT(TRIM(C127),2)="->",">",IF(RIGHT(TRIM(C127),1)=">",">","")) | E127: =LOWER(TRIM(SUBSTITUTE(IF(RIGHT(TRIM(C127),2)="->",LEFT(TRIM(C127),LEN(TRIM(C127))-2),IF(RIGHT(TRIM(C127),1)=">",LEFT(TRIM(C127),LEN(TRIM(C127))-1),C127)),"//",""))) -> scotch and soda | F127: scotch and soda | G127: =_xlfn.IFNA(VLOOKUP(F127,songs!$B$1:$C$1539, 2, FALSE),"") | H127: Scotch And Soda
A128: 127 | B128: Z:\Jerry Garcia\1960-1969\jg1962-11-10,143683.csmff.aud.albin.miksis.t-flac16\230 Mountain Dew.flac | C128: Mountain Dew | D128: =IF(RIGHT(TRIM(C128),2)="->",">",IF(RIGHT(TRIM(C128),1)=">",">","")) | E128: =LOWER(TRIM(SUBSTITUTE(IF(RIGHT(TRIM(C128),2)="->",LEFT(TRIM(C128),LEN(TRIM(C128))-2),IF(RIGHT(TRIM(C128),1)=">",LEFT(TRIM(C128),LEN(TRIM(C128))-1),C128)),"//",""))) -> mountain dew | F128: mountain dew | G128: =_xlfn.IFNA(VLOOKUP(F128,songs!$B$1:$C$1539, 2, FALSE),"") | H128: Mountain Dew
A129: 128 | B129: Z:\Jerry Garcia\1960-1969\jg1963-02-23.004501.wb.aud.fm-mogol.sbeok.t-flac16\garcia1963-02-23t01.flac | C129: introduction | D129: =IF(RIGHT(TRIM(C129),2)="->",">",IF(RIGHT(TRIM(C129),1)=">",">","")) | E129: =LOWER(TRIM(SUBSTITUTE(IF(RIGHT(TRIM(C129),2)="->",LEFT(TRIM(C129),LEN(TRIM(C129))-2),IF(RIGHT(TRIM(C129),1)=">",LEFT(TRIM(C129),LEN(TRIM(C129))-1),C129)),"//",""))) -> introduction | F129: introduction | G129: =_xlfn.IFNA(VLOOKUP(F129,songs!$B$1:$C$1539, 2, FALSE),"") | H129: Introduction
A130: 129 | B130: Z:\Jerry Garcia\1960-1969\jg1963-02-23.004501.wb.aud.fm-mogol.sbeok.t-flac16\garcia1963-02-23t02.flac | C130: Rollin' in My Sweet Babys Arms | D130: =IF(RIGHT(TRIM(C130),2)="->",">",IF(RIGHT(TRIM(C130),1)=">",">","")) | E130: =LOWER(TRIM(SUBSTITUTE(IF(RIGHT(TRIM(C130),2)="->",LEFT(TRIM(C130),LEN(TRIM(C130))-2),IF(RIGHT(TRIM(C130),1)=">",LEFT(TRIM(C130),LEN(TRIM(C130))-1),C130)),"//",""))) -> rollin' in my sweet babys arms | F130: rollin' in my sweet babys arms | G130: =_xlfn.IFNA(VLOOKUP(F130,songs!$B$1:$C$1539, 2, FALSE),"") | H130: Roll In My Sweet Baby's Arms
A131: 130 | B131: Z:\Jerry Garcia\1960-1969\jg1963-02-23.004501.wb.aud.fm-mogol.sbeok.t-flac16\garcia1963-02-23t03.flac | C131: Jerry's Breakdown | D131: =IF(RIGHT(TRIM(C131),2)="->",">",IF(RIGHT(TRIM(C131),1)=">",">","")) | E131: =LOWER(TRIM(SUBSTITUTE(IF(RIGHT(TRIM(C131),2)="->",LEFT(TRIM(C131),LEN(TRIM(C131))-2),IF(RIGHT(TRIM(C131),1)=">",LEFT(TRIM(C131),LEN(TRIM(C131))-1),C131)),"//",""))) -> jerry's breakdown | F131: jerry's breakdown | G131: =_xlfn.IFNA(VLOOKUP(F131,songs!$B$1:$C$1539, 2, FALSE),"") | H131: Jerry's Breakdown (1963)
A132: 131 | B132: Z:\Jerry Garcia\1960-1969\jg1963-02-23.004501.wb.aud.fm-mogol.sbeok.t-flac16\garcia1963-02-23t04.flac | C132: Standing in the Need of Prayer | D132: =IF(RIGHT(TRIM(C132),2)="->",">",IF(RIGHT(TRIM(C132),1)=">",">","")) | E132: =LOWER(TRIM(SUBSTITUTE(IF(RIGHT(TRIM(C132),2)="->",LEFT(TRIM(C132),LEN(TRIM(C132))-2),IF(RIGHT(TRIM(C132),1)=">",LEFT(TRIM(C132),LEN(TRIM(C132))-1),C132)),"//",""))) -> standing in the need of prayer | F132: standing in the need of prayer | G132: =_xlfn.IFNA(VLOOKUP(F132,songs!$B$1:$C$1539, 2, FALSE),"") -> Standing In The Need Of Prayer | H132: Standing In The Need Of Prayer
A133: 132 | B133: Z:\Jerry Garcia\1960-1969\jg1963-02-23.004501.wb.aud.fm-mogol.sbeok.t-flac16\garcia1963-02-23t05.flac | C133: Mule Skinner Blues | D133: =IF(RIGHT(TRIM(C133),2)="->",">",IF(RIGHT(TRIM(C133),1)=">",">","")) | E133: =LOWER(TRIM(SUBSTITUTE(IF(RIGHT(TRIM(C133),2)="->",LEFT(TRIM(C133),LEN(TRIM(C133))-2),IF(RIGHT(TRIM(C133),1)=">",LEFT(TRIM(C133),LEN(TRIM(C133))-1),C133)),"//",""))) -> mule skinner blues | F133: mule skinner blues | G133: =_xlfn.IFNA(VLOOKUP(F133,songs!$B$1:$C$1539, 2, FALSE),"") -> Mule Skinner Blues | H133: Mule Skinner Blues
A134: 133 | B134: Z:\Jerry Garcia\1960-1969\jg1963-02-23.004501.wb.aud.fm-mogol.sbeok.t-flac16\garcia1963-02-23t06.flac | C134: Guitar Instrumental | D134: =IF(RIGHT(TRIM(C134),2)="->",">",IF(RIGHT(TRIM(C134),1)=">",">","")) | E134: =LOWER(TRIM(SUBSTITUTE(IF(RIGHT(TRIM(C134),2)="->",LEFT(TRIM(C134),LEN(TRIM(C134))-2),IF(RIGHT(TRIM(C134),1)=">",LEFT(TRIM(C134),LEN(TRIM(C134))-1),C134)),"//",""))) -> guitar instrumental | F134: guitar instrumental | G134: =_xlfn.IFNA(VLOOKUP(F134,songs!$B$1:$C$1539, 2, FALSE),"") | H134: Instrumental
A135: 134 | B135: Z:\Jerry Garcia\1960-1969\jg1963-02-23.004501.wb.aud.fm-mogol.sbeok.t-flac16\garcia1963-02-23t07.flac | C135: Pike County Breakdown | D135: =IF(RIGHT(TRIM(C135),2)="->",">",IF(RIGHT(TRIM(C135),1)=">",">","")) | E135: =LOWER(TRIM(SUBSTITUTE(IF(RIGHT(TRIM(C135),2)="->",LEFT(TRIM(C135),LEN(TRIM(C135))-2),IF(RIGHT(TRIM(C135),1)=">",LEFT(TRIM(C135),LEN(TRIM(C135))-1),C135)),"//",""))) -> pike county breakdown | F135: pike county breakdown | G135: =_xlfn.IFNA(VLOOKUP(F135,songs!$B$1:$C$1539, 2, FALSE),"") -> Pike County Breakdown | H135: Pike County Breakdown
A136: 135 | B136: Z:\Jerry Garcia\1960-1969\jg1963-02-23.004501.wb.aud.fm-mogol.sbeok.t-flac16\garcia1963-02-23t08.flac | C136: Come All Ye Fair and Tender Maidens | D136: =IF(RIGHT(TRIM(C136),2)="->",">",IF(RIGHT(TRIM(C136),1)=">",">","")) | E136: =LOWER(TRIM(SUBSTITUTE(IF(RIGHT(TRIM(C136),2)="->",LEFT(TRIM(C136),LEN(TRIM(C136))-2),IF(RIGHT(TRIM(C136),1)=">",LEFT(TRIM(C136),LEN(TRIM(C136))-1),C136)),"//",""))) -> come all ye fair and tender maidens | F136: come all ye fair and tender maidens | G136: =_xlfn.IFNA(VLOOKUP(F136,songs!$B$1:$C$1539, 2, FALSE),"")
A137: 136 | B137: Z:\Jerry Garcia\1960-1969\jg1963-02-23.004501.wb.aud.fm-mogol.sbeok.t-flac16\garcia1963-02-23t09.flac | C137: We Shall Not Be Moved | D137: =IF(RIGHT(TRIM(C137),2)="->",">",IF(RIGHT(TRIM(C137),1)=">",">","")) | E137: =LOWER(TRIM(SUBSTITUTE(IF(RIGHT(TRIM(C137),2)="->",LEFT(TRIM(C137),LEN(TRIM(C137))-2),IF(RIGHT(TRIM(C137),1)=">",LEFT(TRIM(C137),LEN(TRIM(C137))-1),C137)),"//",""))) -> we shall not be moved | F137: we shall not be moved | G137: =_xlfn.IFNA(VLOOKUP(F137,songs!$B$1:$C$1539, 2, FALSE),"") -> We Shall Not Be Moved | H137: We Shall Not Be Moved
A138: 137 | B138: Z:\Jerry Garcia\1960-1969\jg1963-05-04.013993.jgsg.fm.t-flac16\jg1963-05-04d1t01.flac | C138: Deep Elem Blues | D138: =IF(RIGHT(TRIM(C138),2)="->",">",IF(RIGHT(TRIM(C138),1)=">",">","")) | E138: =LOWER(TRIM(SUBSTITUTE(IF(RIGHT(TRIM(C138),2)="->",LEFT(TRIM(C138),LEN(TRIM(C138))-2),IF(RIGHT(TRIM(C138),1)=">",LEFT(TRIM(C138),LEN(TRIM(C138))-1),C138)),"//",""))) -> deep elem blues | F138: deep elem blues | G138: =_xlfn.IFNA(VLOOKUP(F138,songs!$B$1:$C$1539, 2, FALSE),"") -> Deep Elem Blues | H138: Deep Elem Blues
A139: 138 | B139: Z:\Jerry Garcia\1960-1969\jg1963-05-04.013993.jgsg.fm.t-flac16\jg1963-05-04d1t02.flac | C139: Will the Weaver | D139: =IF(RIGHT(TRIM(C139),2)="->",">",IF(RIGHT(TRIM(C139),1)=">",">","")) | E139: =LOWER(TRIM(SUBSTITUTE(IF(RIGHT(TRIM(C139),2)="->",LEFT(TRIM(C139),LEN(TRIM(C139))-2),IF(RIGHT(TRIM(C139),1)=">",LEFT(TRIM(C139),LEN(TRIM(C139))-1),C139)),"//",""))) -> will the weaver | F139: will the weaver | G139: =_xlfn.IFNA(VLOOKUP(F139,songs!$B$1:$C$1539, 2, FALSE),"") -> Will The Weaver | H139: Will The Weaver
A140: 139 | B140: Z:\Jerry Garcia\1960-1969\jg1963-05-04.013993.jgsg.fm.t-flac16\jg1963-05-04d1t03.flac | C140: I Truly Understand | D140: =IF(RIGHT(TRIM(C140),2)="->",">",IF(RIGHT(TRIM(C140),1)=">",">","")) | E140: =LOWER(TRIM(SUBSTITUTE(IF(RIGHT(TRIM(C140),2)="->",LEFT(TRIM(C140),LEN(TRIM(C140))-2),IF(RIGHT(TRIM(C140),1)=">",LEFT(TRIM(C140),LEN(TRIM(C140))-1),C140)),"//",""))) -> i truly understand | F140: i truly understand | G140: =_xlfn.IFNA(VLOOKUP(F140,songs!$B$1:$C$1539, 2, FALSE),"") -> I Truly Understand | H140: I Truly Understand
A141: 140 | B141: Z:\Jerry Garcia\1960-1969\jg1963-05-04.013993.jgsg.fm.t-flac16\jg1963-05-04d1t04.flac | C141: All the Good Times Are Passed and Gone | D141: =IF(RIGHT(TRIM(C141),2)="->",">",IF(RIGHT(TRIM(C141),1)=">",">","")) | E141: =LOWER(TRIM(SUBSTITUTE(IF(RIGHT(TRIM(C141),2)="->",LEFT(TRIM(C141),LEN(TRIM(C141))-2),IF(RIGHT(TRIM(C141),1)=">",LEFT(TRIM(C141),LEN(TRIM(C141))-1),C141)),"//",""))) -> all the good times are passed and gone | F141: all the good times are passed and gone | G141: =_xlfn.IFNA(VLOOKUP(F141,songs!$B$1:$C$1539, 2, FALSE),"") | H141: All The Good Times Are Past And Gone
A142: 141 | B142: Z:\Jerry Garcia\1960-1969\jg1963-05-04.013993.jgsg.fm.t-flac16\jg1963-05-04d1t05.flac | C142: Long Black Veil | D142: =IF(RIGHT(TRIM(C142),2)="->",">",IF(RIGHT(TRIM(C142),1)=">",">","")) | E142: =LOWER(TRIM(SUBSTITUTE(IF(RIGHT(TRIM(C142),2)="->",LEFT(TRIM(C142),LEN(TRIM(C142))-2),IF(RIGHT(TRIM(C142),1)=">",LEFT(TRIM(C142),LEN(TRIM(C142))-1),C142)),"//",""))) -> long black veil | F142: long black veil | G142: =_xlfn.IFNA(VLOOKUP(F142,songs!$B$1:$C$1539, 2, FALSE),"") -> Long Black Veil | H142: Long Black Veil
A143: 142 | B143: Z:\Jerry Garcia\1960-1969\jg1963-05-04.013993.jgsg.fm.t-flac16\jg1963-05-04d1t06.flac | C143: The Man Who Wrote Home Sweet Home Never Was a Married Man | D143: =IF(RIGHT(TRIM(C143),2)="->",">",IF(RIGHT(TRIM(C143),1)=">",">","")) | E143: =LOWER(TRIM(SUBSTITUTE(IF(RIGHT(TRIM(C143),2)="->",LEFT(TRIM(C143),LEN(TRIM(C143))-2),IF(RIGHT(TRIM(C143),1)=">",LEFT(TRIM(C143),LEN(TRIM(C143))-1),C143)),"//",""))) -> the man who wrote home sweet home never was a married man | F143: the man who wrote home sweet home never was a married man | G143: =_xlfn.IFNA(VLOOKUP(F143,songs!$B$1:$C$1539, 2, FALSE),"") -> The Man Who Wrote Home Sweet Home Never Was a Married Man | H143: The Man Who Wrote Home Sweet Home Never Was a Married Man
A144: 143 | B144: Z:\Jerry Garcia\1960-1969\jg1963-05-04.013993.jgsg.fm.t-flac16\jg1963-05-04d1t07.flac | C144: Keno, the Rent Man | D144: =IF(RIGHT(TRIM(C144),2)="->",">",IF(RIGHT(TRIM(C144),1)=">",">","")) | E144: =LOWER(TRIM(SUBSTITUTE(IF(RIGHT(TRIM(C144),2)="->",LEFT(TRIM(C144),LEN(TRIM(C144))-2),IF(RIGHT(TRIM(C144),1)=">",LEFT(TRIM(C144),LEN(TRIM(C144))-1),C144)),"//",""))) -> keno, the rent man | F144: keno, the rent man | G144: =_xlfn.IFNA(VLOOKUP(F144,songs!$B$1:$C$1539, 2, FALSE),"") | H144: Keno The Rent Man
A145: 144 | B145: Z:\Jerry Garcia\1960-1969\jg1963-05-04.013993.jgsg.fm.t-flac16\jg1963-05-04d1t08.flac | C145: Foggy Mountain Top | D145: =IF(RIGHT(TRIM(C145),2)="->",">",IF(RIGHT(TRIM(C145),1)=">",">","")) | E145: =LOWER(TRIM(SUBSTITUTE(IF(RIGHT(TRIM(C145),2)="->",LEFT(TRIM(C145),LEN(TRIM(C145))-2),IF(RIGHT(TRIM(C145),1)=">",LEFT(TRIM(C145),LEN(TRIM(C145))-1),C145)),"//",""))) -> foggy mountain top | F145: foggy mountain top | G145: =_xlfn.IFNA(VLOOKUP(F145,songs!$B$1:$C$1539, 2, FALSE),"") -> Foggy Mountain Top | H145: Foggy Mountain Top
A146: 145 | B146: Z:\Jerry Garcia\1960-1969\jg1964-03-06.017914.bmb.sbd.backus-wagner.sbeok.t-flac16\bmb1964-03-06t01.flac | C146: Salt Creek | D146: =IF(RIGHT(TRIM(C146),2)="->",">",IF(RIGHT(TRIM(C146),1)=">",">","")) | E146: =LOWER(TRIM(SUBSTITUTE(IF(RIGHT(TRIM(C146),2)="->",LEFT(TRIM(C146),LEN(TRIM(C146))-2),IF(RIGHT(TRIM(C146),1)=">",LEFT(TRIM(C146),LEN(TRIM(C146))-1),C146)),"//",""))) -> salt creek | F146: salt creek | G146: =_xlfn.IFNA(VLOOKUP(F146,songs!$B$1:$C$1539, 2, FALSE),"") -> Salt Creek | H146: Salt Creek
A147: 146 | B147: Z:\Jerry Garcia\1960-1969\jg1964-03-06.017914.bmb.sbd.backus-wagner.sbeok.t-flac16\bmb1964-03-06t02.flac | C147: Katie Kline | D147: =IF(RIGHT(TRIM(C147),2)="->",">",IF(RIGHT(TRIM(C147),1)=">",">","")) | E147: =LOWER(TRIM(SUBSTITUTE(IF(RIGHT(TRIM(C147),2)="->",LEFT(TRIM(C147),LEN(TRIM(C147))-2),IF(RIGHT(TRIM(C147),1)=">",LEFT(TRIM(C147),LEN(TRIM(C147))-1),C147)),"//",""))) -> katie kline | F147: katie kline | G147: =_xlfn.IFNA(VLOOKUP(F147,songs!$B$1:$C$1539, 2, FALSE),"") -> Katie Kline | H147: Katie Kline
A148: 147 | B148: Z:\Jerry Garcia\1960-1969\jg1964-03-06.017914.bmb.sbd.backus-wagner.sbeok.t-flac16\bmb1964-03-06t03.flac | C148: band introduction | D148: =IF(RIGHT(TRIM(C148),2)="->",">",IF(RIGHT(TRIM(C148),1)=">",">","")) | E148: =LOWER(TRIM(SUBSTITUTE(IF(RIGHT(TRIM(C148),2)="->",LEFT(TRIM(C148),LEN(TRIM(C148))-2),IF(RIGHT(TRIM(C148),1)=">",LEFT(TRIM(C148),LEN(TRIM(C148))-1),C148)),"//",""))) -> band introduction | F148: band introduction | G148: =_xlfn.IFNA(VLOOKUP(F148,songs!$B$1:$C$1539, 2, FALSE),"") | H148: Introduction
... A284: 283 | B284: Z:\Jerry Garcia\1960-1969\jg1967-03-xx.089961.interview.groenke.t-flac16\211Jerry1967MarchInterviewGDHouse.flac | C284: banjo | D284: =IF(RIGHT(TRIM(C284),2)="->",">",IF(RIGHT(TRIM(C284),1)=">",">","")) | E284: =LOWER(TRIM(SUBSTITUTE(IF(RIGHT(TRIM(C284),2)="->",LEFT(TRIM(C284),LEN(TRIM(C284))-2),IF(RIGHT(TRIM(C284),1)=">",LEFT(TRIM(C284),LEN(TRIM(C284))-1),C284)),"//",""))) -> banjo | F284: banjo | G284: =_xlfn.IFNA(VLOOKUP(F284,songs!$B$1:$C$1539, 2, FALSE),"") | H284: Banjo
A285: 284 | B285: Z:\Jerry Garcia\1960-1969\jg1967-03-xx.089961.interview.groenke.t-flac16\212Jerry1967MarchInterviewGDHouse.flac | C285: existentialism | D285: =IF(RIGHT(TRIM(C285),2)="->",">",IF(RIGHT(TRIM(C285),1)=">",">","")) | E285: =LOWER(TRIM(SUBSTITUTE(IF(RIGHT(TRIM(C285),2)="->",LEFT(TRIM(C285),LEN(TRIM(C285))-2),IF(RIGHT(TRIM(C285),1)=">",LEFT(TRIM(C285),LEN(TRIM(C285))-1),C285)),"//",""))) -> existentialism | F285: existentialism | G285: =_xlfn.IFNA(VLOOKUP(F285,songs!$B$1:$C$1539, 2, FALSE),"")
A286: 285 | B286: Z:\Jerry Garcia\1960-1969\jg1967-03-xx.089961.interview.groenke.t-flac16\213Jerry1967MarchInterviewGDHouse.flac | C286: Blow Up | D286: =IF(RIGHT(TRIM(C286),2)="->",">",IF(RIGHT(TRIM(C286),1)=">",">","")) | E286: =LOWER(TRIM(SUBSTITUTE(IF(RIGHT(TRIM(C286),2)="->",LEFT(TRIM(C286),LEN(TRIM(C286))-2),IF(RIGHT(TRIM(C286),1)=">",LEFT(TRIM(C286),LEN(TRIM(C286))-1),C286)),"//",""))) -> blow up | F286: blow up | G286: =_xlfn.IFNA(VLOOKUP(F286,songs!$B$1:$C$1539, 2, FALSE),"") | H286: Interview
A287: 286 | B287: Z:\Jerry Garcia\1960-1969\jg1967-03-xx.089961.interview.groenke.t-flac16\214Jerry1967MarchInterviewGDHouse.flac | C287: Jim Marshall | D287: =IF(RIGHT(TRIM(C287),2)="->",">",IF(RIGHT(TRIM(C287),1)=">",">","")) | E287: =LOWER(TRIM(SUBSTITUTE(IF(RIGHT(TRIM(C287),2)="->",LEFT(TRIM(C287),LEN(TRIM(C287))-2),IF(RIGHT(TRIM(C287),1)=">",LEFT(TRIM(C287),LEN(TRIM(C287))-1),C287)),"//",""))) -> jim marshall | F287: jim marshall | G287: =_xlfn.IFNA(VLOOKUP(F287,songs!$B$1:$C$1539, 2, FALSE),"") | H287: Interview
A288: 287 | B288: Z:\Jerry Garcia\1960-1969\jg1967-03-xx.089961.interview.groenke.t-flac16\215Jerry1967MarchInterviewGDHouse.flac | C288: jazz | D288: =IF(RIGHT(TRIM(C288),2)="->",">",IF(RIGHT(TRIM(C288),1)=">",">","")) | E288: =LOWER(TRIM(SUBSTITUTE(IF(RIGHT(TRIM(C288),2)="->",LEFT(TRIM(C288),LEN(TRIM(C288))-2),IF(RIGHT(TRIM(C288),1)=">",LEFT(TRIM(C288),LEN(TRIM(C288))-1),C288)),"//",""))) -> jazz | F288: jazz | G288: =_xlfn.IFNA(VLOOKUP(F288,songs!$B$1:$C$1539, 2, FALSE),"") | H288: Interview
A289: 288 | B289: Z:\Jerry Garcia\1960-1969\jg1967-03-xx.089961.interview.groenke.t-flac16\216Jerry1967MarchInterviewGDHouse.flac | C289: stolen equipment | D289: =IF(RIGHT(TRIM(C289),2)="->",">",IF(RIGHT(TRIM(C289),1)=">",">","")) | E289: =LOWER(TRIM(SUBSTITUTE(IF(RIGHT(TRIM(C289),2)="->",LEFT(TRIM(C289),LEN(TRIM(C289))-2),IF(RIGHT(TRIM(C289),1)=">",LEFT(TRIM(C289),LEN(TRIM(C289))-1),C289)),"//",""))) -> stolen equipment | F289: stolen equipment | G289: =_xlfn.IFNA(VLOOKUP(F289,songs!$B$1:$C$1539, 2, FALSE),"") | H289: Stolen Equipment
A290: 289 | B290: Z:\Jerry Garcia\1960-1969\jg1967-03-xx.089961.interview.groenke.t-flac16\217Jerry1967MarchInterviewGDHouse.flac | C290: Jerry's gun | D290: =IF(RIGHT(TRIM(C290),2)="->",">",IF(RIGHT(TRIM(C290),1)=">",">","")) | E290: =LOWER(TRIM(SUBSTITUTE(IF(RIGHT(TRIM(C290),2)="->",LEFT(TRIM(C290),LEN(TRIM(C290))-2),IF(RIGHT(TRIM(C290),1)=">",LEFT(TRIM(C290),LEN(TRIM(C290))-1),C290)),"//",""))) -> jerry's gun | F290: jerry's gun | G290: =_xlfn.IFNA(VLOOKUP(F290,songs!$B$1:$C$1539, 2, FALSE),"") | H290: Interview
A291: 290 | B291: Z:\Jerry Garcia\1960-1969\jg1967-03-xx.089961.interview.groenke.t-flac16\218Jerry1967MarchInterviewGDHouse.flac | C291: ...where can I buy some .32 ammo? | D291: =IF(RIGHT(TRIM(C291),2)="->",">",IF(RIGHT(TRIM(C291),1)=">",">","")) | E291: =LOWER(TRIM(SUBSTITUTE(IF(RIGHT(TRIM(C291),2)="->",LEFT(TRIM(C291),LEN(TRIM(C291))-2),IF(RIGHT(TRIM(C291),1)=">",LEFT(TRIM(C291),LEN(TRIM(C291))-1),C291)),"//",""))) -> ...where can i buy some .32 ammo? | F291: ...where can i buy some .32 ammo? | G291: =_xlfn.IFNA(VLOOKUP(F291,songs!$B$1:$C$1539, 2, FALSE),"") | H291: Where can I buy som .32 ammo?
A292: 291 | B292: Z:\Jerry Garcia\1960-1969\jg1968-05-21.022727.tnj.sbd.miller.sbeok.t-flac16\jg1968-05-21d1t01.flac | C292: Jam | D292: =IF(RIGHT(TRIM(C292),2)="->",">",IF(RIGHT(TRIM(C292),1)=">",">","")) | E292: =LOWER(TRIM(SUBSTITUTE(IF(RIGHT(TRIM(C292),2)="->",LEFT(TRIM(C292),LEN(TRIM(C292))-2),IF(RIGHT(TRIM(C292),1)=">",LEFT(TRIM(C292),LEN(TRIM(C292))-1),C292)),"//",""))) -> jam | F292: jam | G292: =_xlfn.IFNA(VLOOKUP(F292,songs!$B$1:$C$1539, 2, FALSE),"") -> Jam | H292: Jam
A293: 292 | B293: Z:\Jerry Garcia\1960-1969\jg1968-05-21.022727.tnj.sbd.miller.sbeok.t-flac16\jg1968-05-21d1t02.flac | C293: Good Shepherd | D293: =IF(RIGHT(TRIM(C293),2)="->",">",IF(RIGHT(TRIM(C293),1)=">",">","")) | E293: =LOWER(TRIM(SUBSTITUTE(IF(RIGHT(TRIM(C293),2)="->",LEFT(TRIM(C293),LEN(TRIM(C293))-2),IF(RIGHT(TRIM(C293),1)=">",LEFT(TRIM(C293),LEN(TRIM(C293))-1),C293)),"//",""))) -> good shepherd | F293: good shepherd | G293: =_xlfn.IFNA(VLOOKUP(F293,songs!$B$1:$C$1539, 2, FALSE),"") -> Good Shepherd | H293: Good Shepherd
A294: 293 | B294: Z:\Jerry Garcia\1960-1969\jg1968-05-21.022727.tnj.sbd.miller.sbeok.t-flac16\jg1968-05-21d1t03.flac | C294: Jam | D294: =IF(RIGHT(TRIM(C294),2)="->",">",IF(RIGHT(TRIM(C294),1)=">",">","")) | E294: =LOWER(TRIM(SUBSTITUTE(IF(RIGHT(TRIM(C294),2)="->",LEFT(TRIM(C294),LEN(TRIM(C294))-2),IF(RIGHT(TRIM(C294),1)=">",LEFT(TRIM(C294),LEN(TRIM(C294))-1),C294)),"//",""))) -> jam | F294: jam | G294: =_xlfn.IFNA(VLOOKUP(F294,songs!$B$1:$C$1539, 2, FALSE),"") -> Jam | H294: Jam
A295: 294 | B295: Z:\Jerry Garcia\1960-1969\jg1968-05-21.022727.tnj.sbd.miller.sbeok.t-flac16\jg1968-05-21d2t01.flac | C295: My Babe | D295: =IF(RIGHT(TRIM(C295),2)="->",">",IF(RIGHT(TRIM(C295),1)=">",">","")) | E295: =LOWER(TRIM(SUBSTITUTE(IF(RIGHT(TRIM(C295),2)="->",LEFT(TRIM(C295),LEN(TRIM(C295))-2),IF(RIGHT(TRIM(C295),1)=">",LEFT(TRIM(C295),LEN(TRIM(C295))-1),C295)),"//",""))) -> my babe | F295: my babe | G295: =_xlfn.IFNA(VLOOKUP(F295,songs!$B$1:$C$1539, 2, FALSE),"") -> My Babe | H295: My Babe
A296: 295 | B296: Z:\Jerry Garcia\1960-1969\jg1968-05-21.022727.tnj.sbd.miller.sbeok.t-flac16\jg1968-05-21d2t02.flac | C296: My Baby Told Me | D296: =IF(RIGHT(TRIM(C296),2)="->",">",IF(RIGHT(TRIM(C296),1)=">",">","")) | E296: =LOWER(TRIM(SUBSTITUTE(IF(RIGHT(TRIM(C296),2)="->",LEFT(TRIM(C296),LEN(TRIM(C296))-2),IF(RIGHT(TRIM(C296),1)=">",LEFT(TRIM(C296),LEN(TRIM(C296))-1),C296)),"//",""))) -> my baby told me | F296: my baby told me | G296: =_xlfn.IFNA(VLOOKUP(F296,songs!$B$1:$C$1539, 2, FALSE),"") | H296: My Baby Told Me
A297: 296 | B297: Z:\Jerry Garcia\1960-1969\jg1968-05-21.022727.tnj.sbd.miller.sbeok.t-flac16\jg1968-05-21d2t03.flac | C297: Key to the Highway | D297: =IF(RIGHT(TRIM(C297),2)="->",">",IF(RIGHT(TRIM(C297),1)=">",">","")) | E297: =LOWER(TRIM(SUBSTITUTE(IF(RIGHT(TRIM(C297),2)="->",LEFT(TRIM(C297),LEN(TRIM(C297))-2),IF(RIGHT(TRIM(C297),1)=">",LEFT(TRIM(C297),LEN(TRIM(C297))-1),C297)),"//",""))) -> key to the highway | F297: key to the highway | G297: =_xlfn.IFNA(VLOOKUP(F297,songs!$B$1:$C$1539, 2, FALSE),"") -> Key To The Highway | H297: Key To The Highway
... A975: 974 | B975: Z:\Jerry Garcia\1970\jg1970-11-20.076324..jg-bw-da.fm.pinkrobert.sbeok.shnf\Track10.flac | C975: Banter | D975: =IF(RIGHT(TRIM(C975),2)="->",">",IF(RIGHT(TRIM(C975),1)=">",">","")) | E975: =LOWER(TRIM(SUBSTITUTE(IF(RIGHT(TRIM(C975),2)="->",LEFT(TRIM(C975),LEN(TRIM(C975))-2),IF(RIGHT(TRIM(C975),1)=">",LEFT(TRIM(C975),LEN(TRIM(C975))-1),C975)),"//",""))) -> banter | F975: banter | G975: =_xlfn.IFNA(VLOOKUP(F975,songs!$B$1:$C$1539, 2, FALSE),"") | H975: Banter
A976: 975 | B976: Z:\Jerry Garcia\1970\jg1970-11-20.076324..jg-bw-da.fm.pinkrobert.sbeok.shnf\Track11.flac | C976: Angie | D976: =IF(RIGHT(TRIM(C976),2)="->",">",IF(RIGHT(TRIM(C976),1)=">",">","")) | E976: =LOWER(TRIM(SUBSTITUTE(IF(RIGHT(TRIM(C976),2)="->",LEFT(TRIM(C976),LEN(TRIM(C976))-2),IF(RIGHT(TRIM(C976),1)=">",LEFT(TRIM(C976),LEN(TRIM(C976))-1),C976)),"//",""))) -> angie | F976: angie | G976: =_xlfn.IFNA(VLOOKUP(F976,songs!$B$1:$C$1539, 2, FALSE),"")
A977: 976 | B977: Z:\Jerry Garcia\1970\jg1970-11-20.076324..jg-bw-da.fm.pinkrobert.sbeok.shnf\Track12.flac | C977: Let Me In | D977: =IF(RIGHT(TRIM(C977),2)="->",">",IF(RIGHT(TRIM(C977),1)=">",">","")) | E977: =LOWER(TRIM(SUBSTITUTE(IF(RIGHT(TRIM(C977),2)="->",LEFT(TRIM(C977),LEN(TRIM(C977))-2),IF(RIGHT(TRIM(C977),1)=">",LEFT(TRIM(C977),LEN(TRIM(C977))-1),C977)),"//",""))) -> let me in | F977: let me in | G977: =_xlfn.IFNA(VLOOKUP(F977,songs!$B$1:$C$1539, 2, FALSE),"") -> Let Me In | H977: Let Me In
A978: 977 | B978: Z:\Jerry Garcia\1970\jg1970-11-21.077475.jgf.fm.tamarkin.sbeok.t-flac16\JG BW DA01.flac | C978: advertisement | D978: =IF(RIGHT(TRIM(C978),2)="->",">",IF(RIGHT(TRIM(C978),1)=">",">","")) | E978: =LOWER(TRIM(SUBSTITUTE(IF(RIGHT(TRIM(C978),2)="->",LEFT(TRIM(C978),LEN(TRIM(C978))-2),IF(RIGHT(TRIM(C978),1)=">",LEFT(TRIM(C978),LEN(TRIM(C978))-1),C978)),"//",""))) -> advertisement | F978: advertisement | G978: =_xlfn.IFNA(VLOOKUP(F978,songs!$B$1:$C$1539, 2, FALSE),"") | H978: Advertisement
A979: 978 | B979: Z:\Jerry Garcia\1970\jg1970-11-21.077475.jgf.fm.tamarkin.sbeok.t-flac16\JG BW DA02.flac | C979: El Paso | D979: =IF(RIGHT(TRIM(C979),2)="->",">",IF(RIGHT(TRIM(C979),1)=">",">","")) | E979: =LOWER(TRIM(SUBSTITUTE(IF(RIGHT(TRIM(C979),2)="->",LEFT(TRIM(C979),LEN(TRIM(C979))-2),IF(RIGHT(TRIM(C979),1)=">",LEFT(TRIM(C979),LEN(TRIM(C979))-1),C979)),"//",""))) -> el paso | F979: el paso | G979: =_xlfn.IFNA(VLOOKUP(F979,songs!$B$1:$C$1539, 2, FALSE),"") -> El Paso | H979: El Paso
A980: 979 | B980: Z:\Jerry Garcia\1970\jg1970-11-21.077475.jgf.fm.tamarkin.sbeok.t-flac16\JG BW DA03.flac | C980: banter | D980: =IF(RIGHT(TRIM(C980),2)="->",">",IF(RIGHT(TRIM(C980),1)=">",">","")) | E980: =LOWER(TRIM(SUBSTITUTE(IF(RIGHT(TRIM(C980),2)="->",LEFT(TRIM(C980),LEN(TRIM(C980))-2),IF(RIGHT(TRIM(C980),1)=">",LEFT(TRIM(C980),LEN(TRIM(C980))-1),C980)),"//",""))) -> banter | F980: banter | G980: =_xlfn.IFNA(VLOOKUP(F980,songs!$B$1:$C$1539, 2, FALSE),"") | H980: Banter
A981: 980 | B981: Z:\Jerry Garcia\1970\jg1970-11-21.077475.jgf.fm.tamarkin.sbeok.t-flac16\JG BW DA04.flac | C981: Big River | D981: =IF(RIGHT(TRIM(C981),2)="->",">",IF(RIGHT(TRIM(C981),1)=">",">","")) | E981: =LOWER(TRIM(SUBSTITUTE(IF(RIGHT(TRIM(C981),2)="->",LEFT(TRIM(C981),LEN(TRIM(C981))-2),IF(RIGHT(TRIM(C981),1)=">",LEFT(TRIM(C981),LEN(TRIM(C981))-1),C981)),"//",""))) -> big river | F981: big river | G981: =_xlfn.IFNA(VLOOKUP(F981,songs!$B$1:$C$1539, 2, FALSE),"") -> Big River | H981: Big River
A982: 981 | B982: Z:\Jerry Garcia\1970\jg1970-11-21.077475.jgf.fm.tamarkin.sbeok.t-flac16\JG BW DA05.flac | C982: I Know You Rider | D982: =IF(RIGHT(TRIM(C982),2)="->",">",IF(RIGHT(TRIM(C982),1)=">",">","")) | E982: =LOWER(TRIM(SUBSTITUTE(IF(RIGHT(TRIM(C982),2)="->",LEFT(TRIM(C982),LEN(TRIM(C982))-2),IF(RIGHT(TRIM(C982),1)=">",LEFT(TRIM(C982),LEN(TRIM(C982))-1),C982)),"//",""))) -> i know you rider | F982: i know you rider | G982: =_xlfn.IFNA(VLOOKUP(F982,songs!$B$1:$C$1539, 2, FALSE),"") -> I Know You Rider | H982: I Know You Rider
A983: 982 | B983: Z:\Jerry Garcia\1970\jg1970-11-21.077475.jgf.fm.tamarkin.sbeok.t-flac16\JG BW DA06.flac | C983: banter | D983: =IF(RIGHT(TRIM(C983),2)="->",">",IF(RIGHT(TRIM(C983),1)=">",">","")) | E983: =LOWER(TRIM(SUBSTITUTE(IF(RIGHT(TRIM(C983),2)="->",LEFT(TRIM(C983),LEN(TRIM(C983))-2),IF(RIGHT(TRIM(C983),1)=">",LEFT(TRIM(C983),LEN(TRIM(C983))-1),C983)),"//",""))) -> banter | F983: banter | G983: =_xlfn.IFNA(VLOOKUP(F983,songs!$B$1:$C$1539, 2, FALSE),"") | H983: Banter
A984: 983 | B984: Z:\Jerry Garcia\1970\jg1970-11-21.077475.jgf.fm.tamarkin.sbeok.t-flac16\JG BW DA07.flac | C984: Jam | D984: =IF(RIGHT(TRIM(C984),2)="->",">",IF(RIGHT(TRIM(C984),1)=">",">","")) | E984: =LOWER(TRIM(SUBSTITUTE(IF(RIGHT(TRIM(C984),2)="->",LEFT(TRIM(C984),LEN(TRIM(C984))-2),IF(RIGHT(TRIM(C984),1)=">",LEFT(TRIM(C984),LEN(TRIM(C984))-1),C984)),"//",""))) -> jam | F984: jam | G984: =_xlfn.IFNA(VLOOKUP(F984,songs!$B$1:$C$1539, 2, FALSE),"") -> Jam | H984: Jam
A985: 984 | B985: Z:\Jerry Garcia\1970\jg1970-11-21.077475.jgf.fm.tamarkin.sbeok.t-flac16\JG BW DA08.flac | C985: banter | D985: =IF(RIGHT(TRIM(C985),2)="->",">",IF(RIGHT(TRIM(C985),1)=">",">","")) | E985: =LOWER(TRIM(SUBSTITUTE(IF(RIGHT(TRIM(C985),2)="->",LEFT(TRIM(C985),LEN(TRIM(C985))-2),IF(RIGHT(TRIM(C985),1)=">",LEFT(TRIM(C985),LEN(TRIM(C985))-1),C985)),"//",""))) -> banter | F985: banter | G985: =_xlfn.IFNA(VLOOKUP(F985,songs!$B$1:$C$1539, 2, FALSE),"") | H985: Banter
A986: 985 | B986: Z:\Jerry Garcia\1970\jg1970-11-21.077475.jgf.fm.tamarkin.sbeok.t-flac16\JG BW DA09.flac | C986: Dark Hollow | D986: =IF(RIGHT(TRIM(C986),2)="->",">",IF(RIGHT(TRIM(C986),1)=">",">","")) | E986: =LOWER(TRIM(SUBSTITUTE(IF(RIGHT(TRIM(C986),2)="->",LEFT(TRIM(C986),LEN(TRIM(C986))-2),IF(RIGHT(TRIM(C986),1)=">",LEFT(TRIM(C986),LEN(TRIM(C986))-1),C986)),"//",""))) -> dark hollow | F986: dark hollow | G986: =_xlfn.IFNA(VLOOKUP(F986,songs!$B$1:$C$1539, 2, FALSE),"") -> Dark Hollow | H986: Dark Hollow
A987: 986 | B987: Z:\Jerry Garcia\1970\jg1970-11-21.077475.jgf.fm.tamarkin.sbeok.t-flac16\JG BW DA10.flac | C987: banter | D987: =IF(RIGHT(TRIM(C987),2)="->",">",IF(RIGHT(TRIM(C987),1)=">",">","")) | E987: =LOWER(TRIM(SUBSTITUTE(IF(RIGHT(TRIM(C987),2)="->",LEFT(TRIM(C987),LEN(TRIM(C987))-2),IF(RIGHT(TRIM(C987),1)=">",LEFT(TRIM(C987),LEN(TRIM(C987))-1),C987)),"//",""))) -> banter | F987: banter | G987: =_xlfn.IFNA(VLOOKUP(F987,songs!$B$1:$C$1539, 2, FALSE),"") | H987: Banter
A988: 987 | B988: Z:\Jerry Garcia\1970\jg1970-11-21.077475.jgf.fm.tamarkin.sbeok.t-flac16\JG BW DA11.flac | C988: Angie | D988: =IF(RIGHT(TRIM(C988),2)="->",">",IF(RIGHT(TRIM(C988),1)=">",">","")) | E988: =LOWER(TRIM(SUBSTITUTE(IF(RIGHT(TRIM(C988),2)="->",LEFT(TRIM(C988),LEN(TRIM(C988))-2),IF(RIGHT(TRIM(C988),1)=">",LEFT(TRIM(C988),LEN(TRIM(C988))-1),C988)),"//",""))) -> angie | F988: angie | G988: =_xlfn.IFNA(VLOOKUP(F988,songs!$B$1:$C$1539, 2, FALSE),"") | H988: Anji
... A1035: 1034 | B1035: Z:\Jerry Garcia\1970\jg1970-12-27.026583.jg-nrps.fm.ted.sbeok.t-flac16\garcia1970-12-27-t02.flac | C1035: interview | D1035: =IF(RIGHT(TRIM(C1035),2)="->",">",IF(RIGHT(TRIM(C1035),1)=">",">","")) | E1035: =LOWER(TRIM(SUBSTITUTE(IF(RIGHT(TRIM(C1035),2)="->",LEFT(TRIM(C1035),LEN(TRIM(C1035))-2),IF(RIGHT(TRIM(C1035),1)=">",LEFT(TRIM(C1035),LEN(TRIM(C1035))-1),C1035)),"//",""))) -> interview | F1035: interview | G1035: =_xlfn.IFNA(VLOOKUP(F1035,songs!$B$1:$C$1539, 2, FALSE),"") | H1035: Interview
A1036: 1035 | B1036: Z:\Jerry Garcia\1970\jg1970-12-27.026583.jg-nrps.fm.ted.sbeok.t-flac16\garcia1970-12-27-t03.flac | C1036: Uncle John's Band (LP) | D1036: =IF(RIGHT(TRIM(C1036),2)="->",">",IF(RIGHT(TRIM(C1036),1)=">",">","")) | E1036: =LOWER(TRIM(SUBSTITUTE(IF(RIGHT(TRIM(C1036),2)="->",LEFT(TRIM(C1036),LEN(TRIM(C1036))-2),IF(RIGHT(TRIM(C1036),1)=">",LEFT(TRIM(C1036),LEN(TRIM(C1036))-1),C1036)),"//",""))) -> uncle john's band (lp) | F1036: uncle john's band (lp) | G1036: =_xlfn.IFNA(VLOOKUP(F1036,songs!$B$1:$C$1539, 2, FALSE),"")
A1037: 1036 | B1037: Z:\Jerry Garcia\1970\jg1970-12-27.026583.jg-nrps.fm.ted.sbeok.t-flac16\garcia1970-12-27-t04.flac | C1037: interview | D1037: =IF(RIGHT(TRIM(C1037),2)="->",">",IF(RIGHT(TRIM(C1037),1)=">",">","")) | E1037: =LOWER(TRIM(SUBSTITUTE(IF(RIGHT(TRIM(C1037),2)="->",LEFT(TRIM(C1037),LEN(TRIM(C1037))-2),IF(RIGHT(TRIM(C1037),1)=">",LEFT(TRIM(C1037),LEN(TRIM(C1037))-1),C1037)),"//",""))) -> interview | F1037: interview | G1037: =_xlfn.IFNA(VLOOKUP(F1037,songs!$B$1:$C$1539, 2, FALSE),"") | H1037: Interview
A1038: 1037 | B1038: Z:\Jerry Garcia\1970\jg1970-12-27.026583.jg-nrps.fm.ted.sbeok.t-flac16\garcia1970-12-27-t05.flac | C1038: Box of Rain/Friend of the Devil (LP) | D1038: =IF(RIGHT(TRIM(C1038),2)="->",">",IF(RIGHT(TRIM(C1038),1)=">",">","")) | E1038: =LOWER(TRIM(SUBSTITUTE(IF(RIGHT(TRIM(C1038),2)="->",LEFT(TRIM(C1038),LEN(TRIM(C1038))-2),IF(RIGHT(TRIM(C1038),1)=">",LEFT(TRIM(C1038),LEN(TRIM(C1038))-1),C1038)),"//",""))) -> box of rain/friend of the devil (lp) | F1038: box of rain/friend of the devil (lp) | G1038: =_xlfn.IFNA(VLOOKUP(F1038,songs!$B$1:$C$1539, 2, FALSE),"") | H1038: Box Of Rain > Friend Of The Devil
A1039: 1038 | B1039: Z:\Jerry Garcia\1970\jg1970-12-27.026583.jg-nrps.fm.ted.sbeok.t-flac16\garcia1970-12-27-t06.flac | C1039: interview | D1039: =IF(RIGHT(TRIM(C1039),2)="->",">",IF(RIGHT(TRIM(C1039),1)=">",">","")) | E1039: =LOWER(TRIM(SUBSTITUTE(IF(RIGHT(TRIM(C1039),2)="->",LEFT(TRIM(C1039),LEN(TRIM(C1039))-2),IF(RIGHT(TRIM(C1039),1)=">",LEFT(TRIM(C1039),LEN(TRIM(C1039))-1),C1039)),"//",""))) -> interview | F1039: interview | G1039: =_xlfn.IFNA(VLOOKUP(F1039,songs!$B$1:$C$1539, 2, FALSE),"") | H1039: Interview
A1040: 1039 | B1040: Z:\Jerry Garcia\1970\jg1970-12-27.026583.jg-nrps.fm.ted.sbeok.t-flac16\garcia1970-12-27-t07.flac | C1040: interview | D1040: =IF(RIGHT(TRIM(C1040),2)="->",">",IF(RIGHT(TRIM(C1040),1)=">",">","")) | E1040: =LOWER(TRIM(SUBSTITUTE(IF(RIGHT(TRIM(C1040),2)="->",LEFT(TRIM(C1040),LEN(TRIM(C1040))-2),IF(RIGHT(TRIM(C1040),1)=">",LEFT(TRIM(C1040),LEN(TRIM(C1040))-1),C1040)),"//",""))) -> interview | F1040: interview | G1040: =_xlfn.IFNA(VLOOKUP(F1040,songs!$B$1:$C$1539, 2, FALSE),"") | H1040: Interview
A1041: 1040 | B1041: Z:\Jerry Garcia\1970\jg1970-12-27.026583.jg-nrps.fm.ted.sbeok.t-flac16\garcia1970-12-27-t08.flac | C1041: Louisiana Lady | D1041: =IF(RIGHT(TRIM(C1041),2)="->",">",IF(RIGHT(TRIM(C1041),1)=">",">","")) | E1041: =LOWER(TRIM(SUBSTITUTE(IF(RIGHT(TRIM(C1041),2)="->",LEFT(TRIM(C1041),LEN(TRIM(C1041))-2),IF(RIGHT(TRIM(C1041),1)=">",LEFT(TRIM(C1041),LEN(TRIM(C1041))-1),C1041)),"//",""))) -> louisiana lady | F1041: louisiana lady | G1041: =_xlfn.IFNA(VLOOKUP(F1041,songs!$B$1:$C$1539, 2, FALSE),"") -> Louisiana Lady | H1041: Louisiana Lady
A1042: 1041 | B1042: Z:\Jerry Garcia\1970\jg1970-12-27.026583.jg-nrps.fm.ted.sbeok.t-flac16\garcia1970-12-27-t09.flac | C1042: interview | D1042: =IF(RIGHT(TRIM(C1042),2)="->",">",IF(RIGHT(TRIM(C1042),1)=">",">","")) | E1042: =LOWER(TRIM(SUBSTITUTE(IF(RIGHT(TRIM(C1042),2)="->",LEFT(TRIM(C1042),LEN(TRIM(C1042))-2),IF(RIGHT(TRIM(C1042),1)=">",LEFT(TRIM(C1042),LEN(TRIM(C1042))-1),C1042)),"//",""))) -> interview | F1042: interview | G1042: =_xlfn.IFNA(VLOOKUP(F1042,songs!$B$1:$C$1539, 2, FALSE),"") | H1042: Interview
A1043: 1042 | B1043: Z:\Jerry Garcia\1970\jg1970-12-27.026583.jg-nrps.fm.ted.sbeok.t-flac16\garcia1970-12-27-t10.flac | C1043: Casey Jones/High Time (LP) | D1043: =IF(RIGHT(TRIM(C1043),2)="->",">",IF(RIGHT(TRIM(C1043),1)=">",">","")) | E1043: =LOWER(TRIM(SUBSTITUTE(IF(RIGHT(TRIM(C1043),2)="->",LEFT(TRIM(C1043),LEN(TRIM(C1043))-2),IF(RIGHT(TRIM(C1043),1)=">",LEFT(TRIM(C1043),LEN(TRIM(C1043))-1),C1043)),"//",""))) -> casey jones/high time (lp) | F1043: casey jones/high time (lp) | G1043: =_xlfn.IFNA(VLOOKUP(F1043,songs!$B$1:$C$1539, 2, FALSE),"") | H1043: Casey Jones > High Time
A1044: 1043 | B1044: Z:\Jerry Garcia\1970\jg1970-12-27.026583.jg-nrps.fm.ted.sbeok.t-flac16\garcia1970-12-27-t11.flac | C1044: Silver Threads and Golden Needles | D1044: =IF(RIGHT(TRIM(C1044),2)="->",">",IF(RIGHT(TRIM(C1044),1)=">",">","")) | E1044: =LOWER(TRIM(SUBSTITUTE(IF(RIGHT(TRIM(C1044),2)="->",LEFT(TRIM(C1044),LEN(TRIM(C1044))-2),IF(RIGHT(TRIM(C1044),1)=">",LEFT(TRIM(C1044),LEN(TRIM(C1044))-1),C1044)),"//",""))) -> silver threads and golden needles | F1044: silver threads and golden needles | G1044: =_xlfn.IFNA(VLOOKUP(F1044,songs!$B$1:$C$1539, 2, FALSE),"") -> Silver Threads And Golden Needles | H1044: Silver Threads And Golden Needles
A1045: 1044 | B1045: Z:\Jerry Garcia\1970\jg1970-12-27.026583.jg-nrps.fm.ted.sbeok.t-flac16\garcia1970-12-27-t12.flac | C1045: Cold Jordan | D1045: =IF(RIGHT(TRIM(C1045),2)="->",">",IF(RIGHT(TRIM(C1045),1)=">",">","")) | E1045: =LOWER(TRIM(SUBSTITUTE(IF(RIGHT(TRIM(C1045),2)="->",LEFT(TRIM(C1045),LEN(TRIM(C1045))-2),IF(RIGHT(TRIM(C1045),1)=">",LEFT(TRIM(C1045),LEN(TRIM(C1045))-1),C1045)),"//",""))) -> cold jordan | F1045: cold jordan | G1045: =_xlfn.IFNA(VLOOKUP(F1045,songs!$B$1:$C$1539, 2, FALSE),"") -> Cold Jordan | H1045: Cold Jordan
A1046: 1045 | B1046: Z:\Jerry Garcia\1970\jg1970-12-27.026583.jg-nrps.fm.ted.sbeok.t-flac16\garcia1970-12-27-t13.flac | C1046: I Hear a Voice Calling | D1046: =IF(RIGHT(TRIM(C1046),2)="->",">",IF(RIGHT(TRIM(C1046),1)=">",">","")) | E1046: =LOWER(TRIM(SUBSTITUTE(IF(RIGHT(TRIM(C1046),2)="->",LEFT(TRIM(C1046),LEN(TRIM(C1046))-2),IF(RIGHT(TRIM(C1046),1)=">",LEFT(TRIM(C1046),LEN(TRIM(C1046))-1),C1046)),"//",""))) -> i hear a voice calling | F1046: i hear a voice calling | G1046: =_xlfn.IFNA(VLOOKUP(F1046,songs!$B$1:$C$1539, 2, FALSE),"") | H1046: I hear a voice calling
A1047: 1046 | B1047: Z:\Jerry Garcia\1970\jg1970-12-27.026583.jg-nrps.fm.ted.sbeok.t-flac16\garcia1970-12-27-t14.flac | C1047: Swing Low, Sweet Chariot | D1047: =IF(RIGHT(TRIM(C1047),2)="->",">",IF(RIGHT(TRIM(C1047),1)=">",">","")) | E1047: =LOWER(TRIM(SUBSTITUTE(IF(RIGHT(TRIM(C1047),2)="->",LEFT(TRIM(C1047),LEN(TRIM(C1047))-2),IF(RIGHT(TRIM(C1047),1)=">",LEFT(TRIM(C1047),LEN(TRIM(C1047))-1),C1047)),"//",""))) -> swing low, sweet chariot | F1047: swing low, sweet chariot | G1047: =_xlfn.IFNA(VLOOKUP(F1047,songs!$B$1:$C$1539, 2, FALSE),"") -> Swing Low, Sweet Chariot | H1047: Swing Low, Sweet Chariot
A1048: 1047 | B1048: Z:\Jerry Garcia\1970\jg1970-12-27.026583.jg-nrps.fm.ted.sbeok.t-flac16\garcia1970-12-27-t15.flac | C1048: interview | D1048: =IF(RIGHT(TRIM(C1048),2)="->",">",IF(RIGHT(TRIM(C1048),1)=">",">","")) | E1048: =LOWER(TRIM(SUBSTITUTE(IF(RIGHT(TRIM(C1048),2)="->",LEFT(TRIM(C1048),LEN(TRIM(C1048))-2),IF(RIGHT(TRIM(C1048),1)=">",LEFT(TRIM(C1048),LEN(TRIM(C1048))-1),C1048)),"//",""))) -> interview | F1048: interview | G1048: =_xlfn.IFNA(VLOOKUP(F1048,songs!$B$1:$C$1539, 2, FALSE),"") | H1048: Interview
... A1446: 1445 | B1446: Z:\Jerry Garcia\1971\jg1971-08-21.083302.mhbj.aud.38f.sbeok.t-flac16\jg1971-08-21d2t07.flac | C1446: Winin' Boy Blues | D1446: =IF(RIGHT(TRIM(C1446),2)="->",">",IF(RIGHT(TRIM(C1446),1)=">",">","")) | E1446: =LOWER(TRIM(SUBSTITUTE(IF(RIGHT(TRIM(C1446),2)="->",LEFT(TRIM(C1446),LEN(TRIM(C1446))-2),IF(RIGHT(TRIM(C1446),1)=">",LEFT(TRIM(C1446),LEN(TRIM(C1446))-1),C1446)),"//",""))) -> winin' boy blues | F1446: winin' boy blues | G1446: =_xlfn.IFNA(VLOOKUP(F1446,songs!$B$1:$C$1539, 2, FALSE),"") -> Winin' Boy Blues | H1446: Winin' Boy Blues
A1447: 1446 | B1447: Z:\Jerry Garcia\1971\jg1971-08-21.083302.mhbj.aud.38f.sbeok.t-flac16\jg1971-08-21d2t08.flac | C1447: Bye Bye Blues | D1447: =IF(RIGHT(TRIM(C1447),2)="->",">",IF(RIGHT(TRIM(C1447),1)=">",">","")) | E1447: =LOWER(TRIM(SUBSTITUTE(IF(RIGHT(TRIM(C1447),2)="->",LEFT(TRIM(C1447),LEN(TRIM(C1447))-2),IF(RIGHT(TRIM(C1447),1)=">",LEFT(TRIM(C1447),LEN(TRIM(C1447))-1),C1447)),"//",""))) -> bye bye blues | F1447: bye bye blues | G1447: =_xlfn.IFNA(VLOOKUP(F1447,songs!$B$1:$C$1539, 2, FALSE),"")
A1448: 1447 | B1448: Z:\Jerry Garcia\1971\jg1971-08-21.083302.mhbj.aud.38f.sbeok.t-flac16\jg1971-08-21d2t09.flac | C1448: I'm Tore Down | D1448: =IF(RIGHT(TRIM(C1448),2)="->",">",IF(RIGHT(TRIM(C1448),1)=">",">","")) | E1448: =LOWER(TRIM(SUBSTITUTE(IF(RIGHT(TRIM(C1448),2)="->",LEFT(TRIM(C1448),LEN(TRIM(C1448))-2),IF(RIGHT(TRIM(C1448),1)=">",LEFT(TRIM(C1448),LEN(TRIM(C1448))-1),C1448)),"//",""))) -> i'm tore down | F1448: i'm tore down | G1448: =_xlfn.IFNA(VLOOKUP(F1448,songs!$B$1:$C$1539, 2, FALSE),"") -> I'm Tore Down | H1448: I'm Tore Down
A1449: 1448 | B1449: Z:\Jerry Garcia\1971\jg1971-09-23.018063.nrps.aud.davis.weiner.sbeok.t-flac16\nrps71-09-23d1t01.flac | C1449: tuning | D1449: =IF(RIGHT(TRIM(C1449),2)="->",">",IF(RIGHT(TRIM(C1449),1)=">",">","")) | E1449: =LOWER(TRIM(SUBSTITUTE(IF(RIGHT(TRIM(C1449),2)="->",LEFT(TRIM(C1449),LEN(TRIM(C1449))-2),IF(RIGHT(TRIM(C1449),1)=">",LEFT(TRIM(C1449),LEN(TRIM(C1449))-1),C1449)),"//",""))) -> tuning | F1449: tuning | G1449: =_xlfn.IFNA(VLOOKUP(F1449,songs!$B$1:$C$1539, 2, FALSE),"") | H1449: Tuning
A1450: 1449 | B1450: Z:\Jerry Garcia\1971\jg1971-09-23.018063.nrps.aud.davis.weiner.sbeok.t-flac16\nrps71-09-23d1t02.flac | C1450: Workin' Man Blues | D1450: =IF(RIGHT(TRIM(C1450),2)="->",">",IF(RIGHT(TRIM(C1450),1)=">",">","")) | E1450: =LOWER(TRIM(SUBSTITUTE(IF(RIGHT(TRIM(C1450),2)="->",LEFT(TRIM(C1450),LEN(TRIM(C1450))-2),IF(RIGHT(TRIM(C1450),1)=">",LEFT(TRIM(C1450),LEN(TRIM(C1450))-1),C1450)),"//",""))) -> workin' man blues | F1450: workin' man blues | G1450: =_xlfn.IFNA(VLOOKUP(F1450,songs!$B$1:$C$1539, 2, FALSE),"") -> Workin' Man Blues | H1450: Workin' Man Blues
A1451: 1450 | B1451: Z:\Jerry Garcia\1971\jg1971-09-23.018063.nrps.aud.davis.weiner.sbeok.t-flac16\nrps71-09-23d1t03.flac | C1451: Superman | D1451: =IF(RIGHT(TRIM(C1451),2)="->",">",IF(RIGHT(TRIM(C1451),1)=">",">","")) | E1451: =LOWER(TRIM(SUBSTITUTE(IF(RIGHT(TRIM(C1451),2)="->",LEFT(TRIM(C1451),LEN(TRIM(C1451))-2),IF(RIGHT(TRIM(C1451),1)=">",LEFT(TRIM(C1451),LEN(TRIM(C1451))-1),C1451)),"//",""))) -> superman | F1451: superman | G1451: =_xlfn.IFNA(VLOOKUP(F1451,songs!$B$1:$C$1539, 2, FALSE),"") -> Superman | H1451: Superman
A1452: 1451 | B1452: Z:\Jerry Garcia\1971\jg1971-09-23.018063.nrps.aud.davis.weiner.sbeok.t-flac16\nrps71-09-23d1t04.flac | C1452: I Don't Know You | D1452: =IF(RIGHT(TRIM(C1452),2)="->",">",IF(RIGHT(TRIM(C1452),1)=">",">","")) | E1452: =LOWER(TRIM(SUBSTITUTE(IF(RIGHT(TRIM(C1452),2)="->",LEFT(TRIM(C1452),LEN(TRIM(C1452))-2),IF(RIGHT(TRIM(C1452),1)=">",LEFT(TRIM(C1452),LEN(TRIM(C1452))-1),C1452)),"//",""))) -> i don't know you | F1452: i don't know you | G1452: =_xlfn.IFNA(VLOOKUP(F1452,songs!$B$1:$C$1539, 2, FALSE),"") -> I Don't Know You | H1452: I Don't Know You
A1453: 1452 | B1453: Z:\Jerry Garcia\1971\jg1971-09-23.018063.nrps.aud.davis.weiner.sbeok.t-flac16\nrps71-09-23d1t05.flac | C1453: Swinging Doors | D1453: =IF(RIGHT(TRIM(C1453),2)="->",">",IF(RIGHT(TRIM(C1453),1)=">",">","")) | E1453: =LOWER(TRIM(SUBSTITUTE(IF(RIGHT(TRIM(C1453),2)="->",LEFT(TRIM(C1453),LEN(TRIM(C1453))-2),IF(RIGHT(TRIM(C1453),1)=">",LEFT(TRIM(C1453),LEN(TRIM(C1453))-1),C1453)),"//",""))) -> swinging doors | F1453: swinging doors | G1453: =_xlfn.IFNA(VLOOKUP(F1453,songs!$B$1:$C$1539, 2, FALSE),"") -> Swinging Doors | H1453: Swinging Doors
A1454: 1453 | B1454: Z:\Jerry Garcia\1971\jg1971-09-23.018063.nrps.aud.davis.weiner.sbeok.t-flac16\nrps71-09-23d1t06.flac | C1454: Rainbow | D1454: =IF(RIGHT(TRIM(C1454),2)="->",">",IF(RIGHT(TRIM(C1454),1)=">",">","")) | E1454: =LOWER(TRIM(SUBSTITUTE(IF(RIGHT(TRIM(C1454),2)="->",LEFT(TRIM(C1454),LEN(TRIM(C1454))-2),IF(RIGHT(TRIM(C1454),1)=">",LEFT(TRIM(C1454),LEN(TRIM(C1454))-1),C1454)),"//",""))) -> rainbow | F1454: rainbow | G1454: =_xlfn.IFNA(VLOOKUP(F1454,songs!$B$1:$C$1539, 2, FALSE),"") -> Rainbow | H1454: Rainbow
A1455: 1454 | B1455: Z:\Jerry Garcia\1971\jg1971-09-23.018063.nrps.aud.davis.weiner.sbeok.t-flac16\nrps71-09-23d1t07.flac | C1455: Six Days on the Road | D1455: =IF(RIGHT(TRIM(C1455),2)="->",">",IF(RIGHT(TRIM(C1455),1)=">",">","")) | E1455: =LOWER(TRIM(SUBSTITUTE(IF(RIGHT(TRIM(C1455),2)="->",LEFT(TRIM(C1455),LEN(TRIM(C1455))-2),IF(RIGHT(TRIM(C1455),1)=">",LEFT(TRIM(C1455),LEN(TRIM(C1455))-1),C1455)),"//",""))) -> six days on the road | F1455: six days on the road | G1455: =_xlfn.IFNA(VLOOKUP(F1455,songs!$B$1:$C$1539, 2, FALSE),"") -> Six Days On the Road | H1455: Six Days On the Road
A1456: 1455 | B1456: Z:\Jerry Garcia\1971\jg1971-09-23.018063.nrps.aud.davis.weiner.sbeok.t-flac16\nrps71-09-23d1t08.flac | C1456: Portland Woman | D1456: =IF(RIGHT(TRIM(C1456),2)="->",">",IF(RIGHT(TRIM(C1456),1)=">",">","")) | E1456: =LOWER(TRIM(SUBSTITUTE(IF(RIGHT(TRIM(C1456),2)="->",LEFT(TRIM(C1456),LEN(TRIM(C1456))-2),IF(RIGHT(TRIM(C1456),1)=">",LEFT(TRIM(C1456),LEN(TRIM(C1456))-1),C1456)),"//",""))) -> portland woman | F1456: portland woman | G1456: =_xlfn.IFNA(VLOOKUP(F1456,songs!$B$1:$C$1539, 2, FALSE),"") -> Portland Woman | H1456: Portland Woman
A1457: 1456 | B1457: Z:\Jerry Garcia\1971\jg1971-09-23.018063.nrps.aud.davis.weiner.sbeok.t-flac16\nrps71-09-23d1t09.flac | C1457: Hello Mary Lou | D1457: =IF(RIGHT(TRIM(C1457),2)="->",">",IF(RIGHT(TRIM(C1457),1)=">",">","")) | E1457: =LOWER(TRIM(SUBSTITUTE(IF(RIGHT(TRIM(C1457),2)="->",LEFT(TRIM(C1457),LEN(TRIM(C1457))-2),IF(RIGHT(TRIM(C1457),1)=">",LEFT(TRIM(C1457),LEN(TRIM(C1457))-1),C1457)),"//",""))) -> hello mary lou | F1457: hello mary lou | G1457: =_xlfn.IFNA(VLOOKUP(F1457,songs!$B$1:$C$1539, 2, FALSE),"") -> Hello Mary Lou | H1457: Hello Mary Lou
A1458: 1457 | B1458: Z:\Jerry Garcia\1971\jg1971-09-23.018063.nrps.aud.davis.weiner.sbeok.t-flac16\nrps71-09-23d1t10.flac | C1458: audience member song | D1458: =IF(RIGHT(TRIM(C1458),2)="->",">",IF(RIGHT(TRIM(C1458),1)=">",">","")) | E1458: =LOWER(TRIM(SUBSTITUTE(IF(RIGHT(TRIM(C1458),2)="->",LEFT(TRIM(C1458),LEN(TRIM(C1458))-2),IF(RIGHT(TRIM(C1458),1)=">",LEFT(TRIM(C1458),LEN(TRIM(C1458))-1),C1458)),"//",""))) -> audience member song | F1458: audience member song | G1458: =_xlfn.IFNA(VLOOKUP(F1458,songs!$B$1:$C$1539, 2, FALSE),"") | H1458: Crowd
A1459: 1458 | B1459: Z:\Jerry Garcia\1971\jg1971-09-23.018063.nrps.aud.davis.weiner.sbeok.t-flac16\nrps71-09-23d1t11.flac | C1459: Glendale Train | D1459: =IF(RIGHT(TRIM(C1459),2)="->",">",IF(RIGHT(TRIM(C1459),1)=">",">","")) | E1459: =LOWER(TRIM(SUBSTITUTE(IF(RIGHT(TRIM(C1459),2)="->",LEFT(TRIM(C1459),LEN(TRIM(C1459))-2),IF(RIGHT(TRIM(C1459),1)=">",LEFT(TRIM(C1459),LEN(TRIM(C1459))-1),C1459)),"//",""))) -> glendale train | F1459: glendale train | G1459: =_xlfn.IFNA(VLOOKUP(F1459,songs!$B$1:$C$1539, 2, FALSE),"") -> Glendale Train | H1459: Glendale Train
... A1652: 1651 | B1652: Z:\Jerry Garcia\1972\jg1972-01-26.006635.jghw.fm-sbd.unknown.t-flac16\jghw72-01-26d1t03.flac | C1652: One AM Approach > | D1652: =IF(RIGHT(TRIM(C1652),2)="->",">",IF(RIGHT(TRIM(C1652),1)=">",">","")) -> > | E1652: =LOWER(TRIM(SUBSTITUTE(IF(RIGHT(TRIM(C1652),2)="->",LEFT(TRIM(C1652),LEN(TRIM(C1652))-2),IF(RIGHT(TRIM(C1652),1)=">",LEFT(TRIM(C1652),LEN(TRIM(C1652))-1),C1652)),"//",""))) -> one am approach | F1652: one am approach | G1652: =_xlfn.IFNA(VLOOKUP(F1652,songs!$B$1:$C$1539, 2, FALSE),"") | H1652: One A. M. Approach
A1653: 1652 | B1653: Z:\Jerry Garcia\1972\jg1972-01-26.006635.jghw.fm-sbd.unknown.t-flac16\jghw72-01-26d1t04.flac | C1653: Come On Baby > Jam > Outer Space Regions > Carry Me Back > | D1653: =IF(RIGHT(TRIM(C1653),2)="->",">",IF(RIGHT(TRIM(C1653),1)=">",">","")) -> > | E1653: =LOWER(TRIM(SUBSTITUTE(IF(RIGHT(TRIM(C1653),2)="->",LEFT(TRIM(C1653),LEN(TRIM(C1653))-2),IF(RIGHT(TRIM(C1653),1)=">",LEFT(TRIM(C1653),LEN(TRIM(C1653))-1),C1653)),"//",""))) -> come on baby > jam > outer space regions > carry me back | F1653: come on baby > jam > outer space regions > carry me back | G1653: =_xlfn.IFNA(VLOOKUP(F1653,songs!$B$1:$C$1539, 2, FALSE),"")
A1654: 1653 | B1654: Z:\Jerry Garcia\1972\jg1972-01-26.006635.jghw.fm-sbd.unknown.t-flac16\jghw72-01-26d1t05.flac | C1654: Bass Solo > | D1654: =IF(RIGHT(TRIM(C1654),2)="->",">",IF(RIGHT(TRIM(C1654),1)=">",">","")) -> > | E1654: =LOWER(TRIM(SUBSTITUTE(IF(RIGHT(TRIM(C1654),2)="->",LEFT(TRIM(C1654),LEN(TRIM(C1654))-2),IF(RIGHT(TRIM(C1654),1)=">",LEFT(TRIM(C1654),LEN(TRIM(C1654))-1),C1654)),"//",""))) -> bass solo | F1654: bass solo | G1654: =_xlfn.IFNA(VLOOKUP(F1654,songs!$B$1:$C$1539, 2, FALSE),"") | H1654: Bass
...

Sheet songs
A1: 1501 | B1: (back home again in) indiana | C1: (Back Home Again In) Indiana
A2: 500 | B2: (i'm a) road runner | C2: (I'm A) Road Runner
A3: 935 | B3: 16/16 | C3: 16/16
A4: 1629 | B4: 23rd psalm | C4: 23rd Psalm
A5: 35 | B5: 3 o'clock in the morning blues | C5: 3 O'Clock In The Morning Blues
A6: 817 | B6: a cry from the cross | C6: A Cry From The Cross
A7: 1709 | B7: a day in the life | C7: A Day In the Life
A8: 1555 | B8: a good man is hard to find | C8: A Good Man Is Hard To Find
A9: 479 | B9: a good woman's love | C9: A Good Woman's Love
A10: 370 | B10: a hard rain's a-gonna fall | C10: A Hard Rain's A-Gonna Fall
A11: 815 | B11: a little at a time | C11: A Little At A Time
A12: 1213 | B12: a mind to give up livin' | C12: A Mind To Give Up Livin'
... A1539: 894 | B1539: zillionaire | C1539: Zillionaire

Sheet Export
A1: Z:\Jerry Garcia\1960-1969\jg1961-07-xx.017381.gh.aud.vernon.sbeok.t-flac16\garcia61-07-XXd1t01.flac | B1: | | C1: Banjo | D1: |
A2: Z:\Jerry Garcia\1960-1969\jg1961-07-xx.017381.gh.aud.vernon.sbeok.t-flac16\garcia61-07-XXd1t02.flac | B2: | | C2: Poor Ellen Smith | D2: |
A3: Z:\Jerry Garcia\1960-1969\jg1961-07-xx.017381.gh.aud.vernon.sbeok.t-flac16\garcia61-07-XXd1t03.flac | B3: | | C3: Wildwood Flower | D3: |
A4: Z:\Jerry Garcia\1960-1969\jg1961-07-xx.017381.gh.aud.vernon.sbeok.t-flac16\garcia61-07-XXd1t04.flac | B4: | | C4: Brown's Ferry Blues | D4: |
A5: Z:\Jerry Garcia\1960-1969\jg1961-07-xx.017381.gh.aud.vernon.sbeok.t-flac16\garcia61-07-XXd1t05.flac | B5: | | C5: Jesse James | D5: |
A6: Z:\Jerry Garcia\1960-1969\jg1961-07-xx.017381.gh.aud.vernon.sbeok.t-flac16\garcia61-07-XXd1t06.flac | B6: | | C6: Late Last Night When Willie Came Home | D6: |
A7: Z:\Jerry Garcia\1960-1969\jg1961-07-xx.017381.gh.aud.vernon.sbeok.t-flac16\garcia61-07-XXd1t07.flac | B7: | | C7: All The Good Times Are Past And Gone | D7: |
A8: Z:\Jerry Garcia\1960-1969\jg1961-07-xx.017381.gh.aud.vernon.sbeok.t-flac16\garcia61-07-XXd1t08.flac | B8: | | C8: Darlin' Corey | D8: |
A9: Z:\Jerry Garcia\1960-1969\jg1961-07-xx.017381.gh.aud.vernon.sbeok.t-flac16\garcia61-07-XXd1t09.flac | B9: | | C9: The Ballad Of Harry Pollitt | D9: |
A10: Z:\Jerry Garcia\1960-1969\jg1961-64.130666.compilation.droncit.flac16\garcia1961-7-xx.t01.flac | B10: | | C10: Banjo | D10: |
A11: Z:\Jerry Garcia\1960-1969\jg1961-64.130666.compilation.droncit.flac16\garcia1961-7-xx.t02.flac | B11: | | C11: Poor Ellen Smith | D11: |
A12: Z:\Jerry Garcia\1960-1969\jg1961-64.130666.compilation.droncit.flac16\garcia1961-7-xx.t03.flac | B12: | | C12: Wildwood Flower | D12: |
... A120: Z:\Jerry Garcia\1960-1969\jg1962-11-10,143683.csmff.aud.albin.miksis.t-flac16\223 Salty Dog Blues.flac | B120: | | C120: Salty Dog Blues | D120: |
A121: Z:\Jerry Garcia\1960-1969\jg1962-11-10,143683.csmff.aud.albin.miksis.t-flac16\224 Let Me Fly.flac | B121: | | D121: |
A122: Z:\Jerry Garcia\1960-1969\jg1962-11-10,143683.csmff.aud.albin.miksis.t-flac16\225 Rollin' Stone.flac | B122: | | C122: Rollin' Stone | D122: |
A123: Z:\Jerry Garcia\1960-1969\jg1962-11-10,143683.csmff.aud.albin.miksis.t-flac16\226 If I Had a Hammer.flac | B123: | | C123: If I Had A Hammer | D123: |
A124: Z:\Jerry Garcia\1960-1969\jg1962-11-10,143683.csmff.aud.albin.miksis.t-flac16\227 Jesse James (w_ Ken Armstrong on banjo).flac | B124: | | C124: Jesse James | D124: |
A125: Z:\Jerry Garcia\1960-1969\jg1962-11-10,143683.csmff.aud.albin.miksis.t-flac16\228 unknown.flac | B125: | | C125: Unknown | D125: |
A126: Z:\Jerry Garcia\1960-1969\jg1962-11-10,143683.csmff.aud.albin.miksis.t-flac16\229 Scotch and Soda.flac | B126: | | C126: Scotch And Soda | D126: |
A127: Z:\Jerry Garcia\1960-1969\jg1962-11-10,143683.csmff.aud.albin.miksis.t-flac16\230 Mountain Dew.flac | B127: | | C127: Mountain Dew | D127: |
A128: Z:\Jerry Garcia\1960-1969\jg1963-02-23.004501.wb.aud.fm-mogol.sbeok.t-flac16\garcia1963-02-23t01.flac | B128: | | C128: Introduction | D128: |
A129: Z:\Jerry Garcia\1960-1969\jg1963-02-23.004501.wb.aud.fm-mogol.sbeok.t-flac16\garcia1963-02-23t02.flac | B129: | | C129: Roll In My Sweet Baby's Arms | D129: |
A130: Z:\Jerry Garcia\1960-1969\jg1963-02-23.004501.wb.aud.fm-mogol.sbeok.t-flac16\garcia1963-02-23t03.flac | B130: | | C130: Jerry's Breakdown (1963) | D130: |
A131: Z:\Jerry Garcia\1960-1969\jg1963-02-23.004501.wb.aud.fm-mogol.sbeok.t-flac16\garcia1963-02-23t04.flac | B131: | | C131: Standing In The Need Of Prayer | D131: |
A132: Z:\Jerry Garcia\1960-1969\jg1963-02-23.004501.wb.aud.fm-mogol.sbeok.t-flac16\garcia1963-02-23t05.flac | B132: | | C132: Mule Skinner Blues | D132: |
A133: Z:\Jerry Garcia\1960-1969\jg1963-02-23.004501.wb.aud.fm-mogol.sbeok.t-flac16\garcia1963-02-23t06.flac | B133: | | C133: Instrumental | D133: |
A134: Z:\Jerry Garcia\1960-1969\jg1963-02-23.004501.wb.aud.fm-mogol.sbeok.t-flac16\garcia1963-02-23t07.flac | B134: | | C134: Pike County Breakdown | D134: |
A135: Z:\Jerry Garcia\1960-1969\jg1963-02-23.004501.wb.aud.fm-mogol.sbeok.t-flac16\garcia1963-02-23t08.flac | B135: | | D135: |
A136: Z:\Jerry Garcia\1960-1969\jg1963-02-23.004501.wb.aud.fm-mogol.sbeok.t-flac16\garcia1963-02-23t09.flac | B136: | | C136: We Shall Not Be Moved | D136: |
A137: Z:\Jerry Garcia\1960-1969\jg1963-05-04.013993.jgsg.fm.t-flac16\jg1963-05-04d1t01.flac | B137: | | C137: Deep Elem Blues | D137: |
A138: Z:\Jerry Garcia\1960-1969\jg1963-05-04.013993.jgsg.fm.t-flac16\jg1963-05-04d1t02.flac | B138: | | C138: Will The Weaver | D138: |
A139: Z:\Jerry Garcia\1960-1969\jg1963-05-04.013993.jgsg.fm.t-flac16\jg1963-05-04d1t03.flac | B139: | | C139: I Truly Understand | D139: |
A140: Z:\Jerry Garcia\1960-1969\jg1963-05-04.013993.jgsg.fm.t-flac16\jg1963-05-04d1t04.flac | B140: | | C140: All The Good Times Are Past And Gone | D140: |
A141: Z:\Jerry Garcia\1960-1969\jg1963-05-04.013993.jgsg.fm.t-flac16\jg1963-05-04d1t05.flac | B141: | | C141: Long Black Veil | D141: |
A142: Z:\Jerry Garcia\1960-1969\jg1963-05-04.013993.jgsg.fm.t-flac16\jg1963-05-04d1t06.flac | B142: | | C142: The Man Who Wrote Home Sweet Home Never Was a Married Man | D142: |
A143: Z:\Jerry Garcia\1960-1969\jg1963-05-04.013993.jgsg.fm.t-flac16\jg1963-05-04d1t07.flac | B143: | | C143: Keno The Rent Man | D143: |
A144: Z:\Jerry Garcia\1960-1969\jg1963-05-04.013993.jgsg.fm.t-flac16\jg1963-05-04d1t08.flac | B144: | | C144: Foggy Mountain Top | D144: |
A145: Z:\Jerry Garcia\1960-1969\jg1964-03-06.017914.bmb.sbd.backus-wagner.sbeok.t-flac16\bmb1964-03-06t01.flac | B145: | | C145: Salt Creek | D145: |
A146: Z:\Jerry Garcia\1960-1969\jg1964-03-06.017914.bmb.sbd.backus-wagner.sbeok.t-flac16\bmb1964-03-06t02.flac | B146: | | C146: Katie Kline | D146: |
A147: Z:\Jerry Garcia\1960-1969\jg1964-03-06.017914.bmb.sbd.backus-wagner.sbeok.t-flac16\bmb1964-03-06t03.flac | B147: | | C147: Introduction | D147: |
... A283: Z:\Jerry Garcia\1960-1969\jg1967-03-xx.089961.interview.groenke.t-flac16\211Jerry1967MarchInterviewGDHouse.flac | B283: | | C283: Banjo | D283: |
A284: Z:\Jerry Garcia\1960-1969\jg1967-03-xx.089961.interview.groenke.t-flac16\212Jerry1967MarchInterviewGDHouse.flac | B284: | | D284: |
A285: Z:\Jerry Garcia\1960-1969\jg1967-03-xx.089961.interview.groenke.t-flac16\213Jerry1967MarchInterviewGDHouse.flac | B285: | | C285: Interview | D285: |
A286: Z:\Jerry Garcia\1960-1969\jg1967-03-xx.089961.interview.groenke.t-flac16\214Jerry1967MarchInterviewGDHouse.flac | B286: | | C286: Interview | D286: |
A287: Z:\Jerry Garcia\1960-1969\jg1967-03-xx.089961.interview.groenke.t-flac16\215Jerry1967MarchInterviewGDHouse.flac | B287: | | C287: Interview | D287: |
A288: Z:\Jerry Garcia\1960-1969\jg1967-03-xx.089961.interview.groenke.t-flac16\216Jerry1967MarchInterviewGDHouse.flac | B288: | | C288: Stolen Equipment | D288: |
A289: Z:\Jerry Garcia\1960-1969\jg1967-03-xx.089961.interview.groenke.t-flac16\217Jerry1967MarchInterviewGDHouse.flac | B289: | | C289: Interview | D289: |
A290: Z:\Jerry Garcia\1960-1969\jg1967-03-xx.089961.interview.groenke.t-flac16\218Jerry1967MarchInterviewGDHouse.flac | B290: | | C290: Where can I buy som .32 ammo? | D290: |
A291: Z:\Jerry Garcia\1960-1969\jg1968-05-21.022727.tnj.sbd.miller.sbeok.t-flac16\jg1968-05-21d1t01.flac | B291: | | C291: Jam | D291: |
A292: Z:\Jerry Garcia\1960-1969\jg1968-05-21.022727.tnj.sbd.miller.sbeok.t-flac16\jg1968-05-21d1t02.flac | B292: | | C292: Good Shepherd | D292: |
A293: Z:\Jerry Garcia\1960-1969\jg1968-05-21.022727.tnj.sbd.miller.sbeok.t-flac16\jg1968-05-21d1t03.flac | B293: | | C293: Jam | D293: |
A294: Z:\Jerry Garcia\1960-1969\jg1968-05-21.022727.tnj.sbd.miller.sbeok.t-flac16\jg1968-05-21d2t01.flac | B294: | | C294: My Babe | D294: |
A295: Z:\Jerry Garcia\1960-1969\jg1968-05-21.022727.tnj.sbd.miller.sbeok.t-flac16\jg1968-05-21d2t02.flac | B295: | | C295: My Baby Told Me | D295: |
A296: Z:\Jerry Garcia\1960-1969\jg1968-05-21.022727.tnj.sbd.miller.sbeok.t-flac16\jg1968-05-21d2t03.flac | B296: | | C296: Key To The Highway | D296: |
... A316: Z:\Jerry Garcia\1960-1969\jg1968-10-08.141875.hartbeats.sbd.boswell.smith.sirmick.t-flac1648\hartbeats1968-10-08s1t02.flac | B316: | | C316: Clementine | D316: |
A317: Z:\Jerry Garcia\1960-1969\jg1968-10-08.141875.hartbeats.sbd.boswell.smith.sirmick.t-flac1648\hartbeats1968-10-08s1t03.flac | B317: | | C317: Clementine | D317: | | E317: >
A318: Z:\Jerry Garcia\1960-1969\jg1968-10-08.141875.hartbeats.sbd.boswell.smith.sirmick.t-flac1648\hartbeats1968-10-08s1t04.flac | B318: | | C318: The Eleven | D318: | | E318: >
A319: Z:\Jerry Garcia\1960-1969\jg1968-10-08.141875.hartbeats.sbd.boswell.smith.sirmick.t-flac1648\hartbeats1968-10-08s1t05.flac | B319: | | C319: Death Don't Have No Mercy | D319: |
A320: Z:\Jerry Garcia\1960-1969\jg1968-10-08.141875.hartbeats.sbd.boswell.smith.sirmick.t-flac1648\hartbeats1968-10-08s1t06.flac | B320: | | C320: Tuning | D320: |
A321: Z:\Jerry Garcia\1960-1969\jg1968-10-08.141875.hartbeats.sbd.boswell.smith.sirmick.t-flac1648\hartbeats1968-10-08s1t07.flac | B321: | | C321: The Seven | D321: |
A322: Z:\Jerry Garcia\1960-1969\jg1968-10-08.141875.hartbeats.sbd.boswell.smith.sirmick.t-flac1648\hartbeats1968-10-08s1t08.flac | B322: | | C322: Tuning | D322: |
A323: Z:\Jerry Garcia\1960-1969\jg1968-10-08.141875.hartbeats.sbd.boswell.smith.sirmick.t-flac1648\hartbeats1968-10-08s1t09.flac | B323: | | C323: Dark Star | D323: | | E323: >
A324: Z:\Jerry Garcia\1960-1969\jg1968-10-08.141875.hartbeats.sbd.boswell.smith.sirmick.t-flac1648\hartbeats1968-10-08s1t10.flac | B324: | | C324: Cosmic Charlie | D324: |
A325: Z:\Jerry Garcia\1960-1969\jg1968-10-08.141875.hartbeats.sbd.boswell.smith.sirmick.t-flac1648\hartbeats1968-10-08s1t11.flac | B325: | | C325: Next Time You see Me | D325: |
A326: Z:\Jerry Garcia\1960-1969\jg1968-10-08.141875.hartbeats.sbd.boswell.smith.sirmick.t-flac1648\hartbeats1968-10-08s1t12.flac | B326: | | C326: Jam | D326: |
A327: Z:\Jerry Garcia\1960-1969\jg1968-10-08.141875.hartbeats.sbd.boswell.smith.sirmick.t-flac1648\hartbeats1968-10-08s1t13.flac | B327: | | C327: The Other One | D327: | | E327: >
A328: Z:\Jerry Garcia\1960-1969\jg1968-10-08.141875.hartbeats.sbd.boswell.smith.sirmick.t-flac1648\hartbeats1968-10-08s1t14.flac | B328: | | C328: Jam | D328: |
A329: Z:\Jerry Garcia\1960-1969\jg1968-10-08.141875.hartbeats.sbd.boswell.smith.sirmick.t-flac1648\hartbeats1968-10-08s2t01.flac | B329: | | C329: Tuning | D329: |
A330: Z:\Jerry Garcia\1960-1969\jg1968-10-08.141875.hartbeats.sbd.boswell.smith.sirmick.t-flac1648\hartbeats1968-10-08s2t02.flac | B330: | | C330: Jam | D330: |
A331: Z:\Jerry Garcia\1960-1969\jg1968-10-08.141875.hartbeats.sbd.boswell.smith.sirmick.t-flac1648\hartbeats1968-10-08s2t03.flac | B331: | | C331: Jam | D331: |
A332: Z:\Jerry Garcia\1960-1969\jg1968-10-08.141875.hartbeats.sbd.boswell.smith.sirmick.t-flac1648\hartbeats1968-10-08s2t04.flac | B332: | | C332: Jam | D332: |
A333: Z:\Jerry Garcia\1960-1969\jg1968-10-08.141875.hartbeats.sbd.boswell.smith.sirmick.t-flac1648\hartbeats1968-10-08s2t05.flac | B333: | | C333: Prisoner Of Love | D333: |
A334: Z:\Jerry Garcia\1960-1969\jg1968-10-08.141875.hartbeats.sbd.boswell.smith.sirmick.t-flac1648\hartbeats1968-10-08s2t06.flac | B334: | | C334: Jam | D334: |
A335: Z:\Jerry Garcia\1960-1969\jg1968-10-08.mtx.GEMS\gd1968-10-08.GEMS.track.01.flac | B335: | | C335: Clementine | D335: |
A336: Z:\Jerry Garcia\1960-1969\jg1968-10-08.mtx.GEMS\gd1968-10-08.GEMS.track.02.flac | B336: | | C336: Clementine | D336: |
A337: Z:\Jerry Garcia\1960-1969\jg1968-10-08.mtx.GEMS\gd1968-10-08.GEMS.track.03.flac | B337: | | C337: The Eleven | D337: |
A338: Z:\Jerry Garcia\1960-1969\jg1968-10-08.mtx.GEMS\gd1968-10-08.GEMS.track.04.flac | B338: | | C338: Death Don't Have No Mercy | D338: |
A339: Z:\Jerry Garcia\1960-1969\jg1968-10-08.mtx.GEMS\gd1968-10-08.GEMS.track.05.flac | B339: | | C339: The Seven | D339: |
... A343: Z:\Jerry Garcia\1960-1969\jg1968-10-08.mtx.GEMS\gd1968-10-08.GEMS.track.09.flac | B343: | | C343: Jam | D343: |
A344: Z:\Jerry Garcia\1960-1969\jg1968-10-08.mtx.GEMS\gd1968-10-08.GEMS.track.10.flac | B344: | | C344: The Other One | D344: | | E344: >
A345: Z:\Jerry Garcia\1960-1969\jg1968-10-08.mtx.GEMS\gd1968-10-08.GEMS.track.11.flac | B345: | | C345: Jam | D345: |
A346: Z:\Jerry Garcia\1960-1969\jg1968-10-08.mtx.GEMS\gd1968-10-08.GEMS.track.12.flac | B346: | | C346: Jam | D346: |
A347: Z:\Jerry Garcia\1960-1969\jg1968-10-08.mtx.GEMS\gd1968-10-08.GEMS.track.13.flac | B347: | | C347: Jam | D347: |
A348: Z:\Jerry Garcia\1960-1969\jg1968-10-08.mtx.GEMS\gd1968-10-08.GEMS.track.14.flac | B348: | | C348: Jam | D348: |
A349: Z:\Jerry Garcia\1960-1969\jg1968-10-08.mtx.GEMS\gd1968-10-08.GEMS.track.15.flac | B349: | | C349: Prisoner Of Love | D349: |
A350: Z:\Jerry Garcia\1960-1969\jg1968-10-08.mtx.GEMS\gd1968-10-08.GEMS.track.16.flac | B350: | | C350: Jam | D350: |
A351: Z:\Jerry Garcia\1960-1969\jg1968-10-10.004513.hartbeats.sbd.miller-ladner.sbeok.t-flac16\gd1968-10-10d1t01.flac | B351: | | C351: Jam | D351: |
A352: Z:\Jerry Garcia\1960-1969\jg1968-10-10.004513.hartbeats.sbd.miller-ladner.sbeok.t-flac16\gd1968-10-10d1t02.flac | B352: | | C352: I Know It's A Sin | D352: |
A353: Z:\Jerry Garcia\1960-1969\jg1968-10-10.004513.hartbeats.sbd.miller-ladner.sbeok.t-flac16\gd1968-10-10d1t03.flac | B353: | | C353: Next Time You see Me | D353: |
A354: Z:\Jerry Garcia\1960-1969\jg1968-10-10.004513.hartbeats.sbd.miller-ladner.sbeok.t-flac16\gd1968-10-10d1t04.flac | B354: | | C354: The Rub | D354: |
A355: Z:\Jerry Garcia\1960-1969\jg1968-10-10.004513.hartbeats.sbd.miller-ladner.sbeok.t-flac16\gd1968-10-10d1t05.flac | B355: | | C355: Look On Yonder's Wall | D355: |
A356: Z:\Jerry Garcia\1960-1969\jg1968-10-10.004513.hartbeats.sbd.miller-ladner.sbeok.t-flac16\gd1968-10-10d2t01.flac | B356: | | C356: Jam | D356: |
... A387: Z:\Jerry Garcia\1960-1969\jg1968-10-10.142425.hartbeats.sbd.dalton.miller.sirmick.t-flac1648\hartbeats1968-10-10t06.flac | B387: | | C387: New Potato Caboose | D387: |
A388: Z:\Jerry Garcia\1960-1969\jg1968-10-10.142425.hartbeats.sbd.dalton.miller.sirmick.t-flac1648\hartbeats1968-10-10t07.flac | B388: | | C388: Turn On Your Lovelight | D388: | | E388: >
A389: Z:\Jerry Garcia\1960-1969\jg1968-10-10.142425.hartbeats.sbd.dalton.miller.sirmick.t-flac1648\hartbeats1968-10-10t08.flac | B389: | | C389: Death Don't Have No Mercy | D389: |
A390: Z:\Jerry Garcia\1960-1969\jg1968-10-10.142425.hartbeats.sbd.dalton.miller.sirmick.t-flac1648\hartbeats1968-10-10t09.flac | B390: | | C390: Dark Star | D390: | | E390: >
A391: Z:\Jerry Garcia\1960-1969\jg1968-10-10.142425.hartbeats.sbd.dalton.miller.sirmick.t-flac1648\hartbeats1968-10-10t10.flac | B391: | | C391: The Eleven | D391: | | E391: >
A392: Z:\Jerry Garcia\1960-1969\jg1968-10-10.142425.hartbeats.sbd.dalton.miller.sirmick.t-flac1648\hartbeats1968-10-10t11.flac | B392: | | C392: The Seven | D392: |
A393: Z:\Jerry Garcia\1960-1969\jg1968-10-21.146189.hartbeats.sbd.knudsen-gems.fulton.t-flac2448\t01.flac | B393: | | C393: Jam | D393: |
A394: Z:\Jerry Garcia\1960-1969\jg1968-10-21.146189.hartbeats.sbd.knudsen-gems.fulton.t-flac2448\t02.flac | B394: | | C394: Jam | D394: |
...
