Workbook

Sheet releases
A1: orig | B1: path | C1: song_orig | D1: segue | E1: song1 | F1: song2 | G1: song3 | H1: song4
A2: 1 | B2: Z:\Grateful Dead\# Dick's Picks #\01 - 1973-12-19 [Curtis Hixon Hall, Tampa, FL]\01 Here Comes Sunshine.flac | C2: Here Comes Sunshine | D2: =IF(RIGHT(TRIM(C2),2)="->",">",IF(RIGHT(TRIM(C2),1)=">",">","")) | E2: =LOWER(TRIM(SUBSTITUTE(IF(RIGHT(TRIM(C2),2)="->",LEFT(TRIM(C2),LEN(TRIM(C2))-2),IF(RIGHT(TRIM(C2),1)=">",LEFT(TRIM(C2),LEN(TRIM(C2))-1),C2)),"//",""))) -> here comes sunshine | F2: here comes sunshine | G2: =_xlfn.IFNA(VLOOKUP(F2,songs!$B$1:$C$1539, 2, FALSE),"") -> Here Comes Sunshine | H2: Here Comes Sunshine
A3: 2 | B3: Z:\Grateful Dead\# Dick's Picks #\01 - 1973-12-19 [Curtis Hixon Hall, Tampa, FL]\02 Big River.flac | C3: Big River | D3: =IF(RIGHT(TRIM(C3),2)="->",">",IF(RIGHT(TRIM(C3),1)=">",">","")) | E3: =LOWER(TRIM(SUBSTITUTE(IF(RIGHT(TRIM(C3),2)="->",LEFT(TRIM(C3),LEN(TRIM(C3))-2),IF(RIGHT(TRIM(C3),1)=">",LEFT(TRIM(C3),LEN(TRIM(C3))-1),C3)),"//",""))) -> big river | F3: big river | G3: =_xlfn.IFNA(VLOOKUP(F3,songs!$B$1:$C$1539, 2, FALSE),"") -> Big River | H3: Big River
A4: 3 | B4: Z:\Grateful Dead\# Dick's Picks #\01 - 1973-12-19 [Curtis Hixon Hall, Tampa, FL]\03 Mississippi Half-Step Uptown Toodleloo.flac | C4: Mississippi Half-Step Uptown Toodleloo | D4: =IF(RIGHT(TRIM(C4),2)="->",">",IF(RIGHT(TRIM(C4),1)=">",">","")) | E4: =LOWER(TRIM(SUBSTITUTE(IF(RIGHT(TRIM(C4),2)="->",LEFT(TRIM(C4),LEN(TRIM(C4))-2),IF(RIGHT(TRIM(C4),1)=">",LEFT(TRIM(C4),LEN(TRIM(C4))-1),C4)),"//",""))) -> mississippi half-step uptown toodleloo | F4: mississippi half-step uptown toodeloo | G4: =_xlfn.IFNA(VLOOKUP(F4,songs!$B$1:$C$1539, 2, FALSE),"") -> Mississippi Half-Step Uptown Toodeloo
A5: 4 | B5: Z:\Grateful Dead\# Dick's Picks #\01 - 1973-12-19 [Curtis Hixon Hall, Tampa, FL]\04 Weather Report Suite.flac | C5: Weather Report Suite | D5: =IF(RIGHT(TRIM(C5),2)="->",">",IF(RIGHT(TRIM(C5),1)=">",">","")) | E5: =LOWER(TRIM(SUBSTITUTE(IF(RIGHT(TRIM(C5),2)="->",LEFT(TRIM(C5),LEN(TRIM(C5))-2),IF(RIGHT(TRIM(C5),1)=">",LEFT(TRIM(C5),LEN(TRIM(C5))-1),C5)),"//",""))) -> weather report suite | F5: weather report suite prelude > weather report suite part 1 | G5: =_xlfn.IFNA(VLOOKUP(F5,songs!$B$1:$C$1539, 2, FALSE),"") -> Weather Report Suite Prelude > Weather Report Suite Part 1
A6: 5 | B6: Z:\Grateful Dead\# Dick's Picks #\01 - 1973-12-19 [Curtis Hixon Hall, Tampa, FL]\05 Big Railroad Blues.flac | C6: Big Railroad Blues | D6: =IF(RIGHT(TRIM(C6),2)="->",">",IF(RIGHT(TRIM(C6),1)=">",">","")) | E6: =LOWER(TRIM(SUBSTITUTE(IF(RIGHT(TRIM(C6),2)="->",LEFT(TRIM(C6),LEN(TRIM(C6))-2),IF(RIGHT(TRIM(C6),1)=">",LEFT(TRIM(C6),LEN(TRIM(C6))-1),C6)),"//",""))) -> big railroad blues | F6: big railroad blues | G6: =_xlfn.IFNA(VLOOKUP(F6,songs!$B$1:$C$1539, 2, FALSE),"") -> Big Railroad Blues | H6: Big Railroad Blues
A7: 6 | B7: Z:\Grateful Dead\# Dick's Picks #\01 - 1973-12-19 [Curtis Hixon Hall, Tampa, FL]\06 Playing in the Band.flac | C7: Playing in the Band | D7: =IF(RIGHT(TRIM(C7),2)="->",">",IF(RIGHT(TRIM(C7),1)=">",">","")) | E7: =LOWER(TRIM(SUBSTITUTE(IF(RIGHT(TRIM(C7),2)="->",LEFT(TRIM(C7),LEN(TRIM(C7))-2),IF(RIGHT(TRIM(C7),1)=">",LEFT(TRIM(C7),LEN(TRIM(C7))-1),C7)),"//",""))) -> playing in the band | F7: playing in the band | G7: =_xlfn.IFNA(VLOOKUP(F7,songs!$B$1:$C$1539, 2, FALSE),"") -> Playing In The Band | H7: Playing In The Band
A8: 7 | B8: Z:\Grateful Dead\# Dick's Picks #\01 - 1973-12-19 [Curtis Hixon Hall, Tampa, FL]\07 He's Gone.flac | C8: He's Gone | D8: =IF(RIGHT(TRIM(C8),2)="->",">",IF(RIGHT(TRIM(C8),1)=">",">","")) | E8: =LOWER(TRIM(SUBSTITUTE(IF(RIGHT(TRIM(C8),2)="->",LEFT(TRIM(C8),LEN(TRIM(C8))-2),IF(RIGHT(TRIM(C8),1)=">",LEFT(TRIM(C8),LEN(TRIM(C8))-1),C8)),"//",""))) -> he's gone | F8: he's gone | G8: =_xlfn.IFNA(VLOOKUP(F8,songs!$B$1:$C$1539, 2, FALSE),"") -> He's Gone | H8: He's Gone
A9: 8 | B9: Z:\Grateful Dead\# Dick's Picks #\01 - 1973-12-19 [Curtis Hixon Hall, Tampa, FL]\08 Truckin'.flac | C9: Truckin' | D9: =IF(RIGHT(TRIM(C9),2)="->",">",IF(RIGHT(TRIM(C9),1)=">",">","")) | E9: =LOWER(TRIM(SUBSTITUTE(IF(RIGHT(TRIM(C9),2)="->",LEFT(TRIM(C9),LEN(TRIM(C9))-2),IF(RIGHT(TRIM(C9),1)=">",LEFT(TRIM(C9),LEN(TRIM(C9))-1),C9)),"//",""))) -> truckin' | F9: truckin' | G9: =_xlfn.IFNA(VLOOKUP(F9,songs!$B$1:$C$1539, 2, FALSE),"") -> Truckin' | H9: Truckin'
A10: 9 | B10: Z:\Grateful Dead\# Dick's Picks #\01 - 1973-12-19 [Curtis Hixon Hall, Tampa, FL]\09 Nobody's Fault But Mine.flac | C10: Nobody's Fault But Mine | D10: =IF(RIGHT(TRIM(C10),2)="->",">",IF(RIGHT(TRIM(C10),1)=">",">","")) | E10: =LOWER(TRIM(SUBSTITUTE(IF(RIGHT(TRIM(C10),2)="->",LEFT(TRIM(C10),LEN(TRIM(C10))-2),IF(RIGHT(TRIM(C10),1)=">",LEFT(TRIM(C10),LEN(TRIM(C10))-1),C10)),"//",""))) -> nobody's fault but mine | F10: nobody's fault but mine | G10: =_xlfn.IFNA(VLOOKUP(F10,songs!$B$1:$C$1539, 2, FALSE),"") -> Nobody's Fault But Mine | H10: Nobody's Fault But Mine
A11: 10 | B11: Z:\Grateful Dead\# Dick's Picks #\01 - 1973-12-19 [Curtis Hixon Hall, Tampa, FL]\10 Jam.flac | C11: Jam | D11: =IF(RIGHT(TRIM(C11),2)="->",">",IF(RIGHT(TRIM(C11),1)=">",">","")) | E11: =LOWER(TRIM(SUBSTITUTE(IF(RIGHT(TRIM(C11),2)="->",LEFT(TRIM(C11),LEN(TRIM(C11))-2),IF(RIGHT(TRIM(C11),1)=">",LEFT(TRIM(C11),LEN(TRIM(C11))-1),C11)),"//",""))) -> jam | F11: jam | G11: =_xlfn.IFNA(VLOOKUP(F11,songs!$B$1:$C$1539, 2, FALSE),"") -> Jam | H11: Jam
A12: 11 | B12: Z:\Grateful Dead\# Dick's Picks #\01 - 1973-12-19 [Curtis Hixon Hall, Tampa, FL]\11 Other One.flac | C12: Other One | D12: =IF(RIGHT(TRIM(C12),2)="->",">",IF(RIGHT(TRIM(C12),1)=">",">","")) | E12: =LOWER(TRIM(SUBSTITUTE(IF(RIGHT(TRIM(C12),2)="->",LEFT(TRIM(C12),LEN(TRIM(C12))-2),IF(RIGHT(TRIM(C12),1)=">",LEFT(TRIM(C12),LEN(TRIM(C12))-1),C12)),"//",""))) -> other one | F12: the other one | G12: =_xlfn.IFNA(VLOOKUP(F12,songs!$B$1:$C$1539, 2, FALSE),"") -> The Other One
A13: 12 | B13: Z:\Grateful Dead\# Dick's Picks #\01 - 1973-12-19 [Curtis Hixon Hall, Tampa, FL]\12 Jam.flac | C13: Jam | D13: =IF(RIGHT(TRIM(C13),2)="->",">",IF(RIGHT(TRIM(C13),1)=">",">","")) | E13: =LOWER(TRIM(SUBSTITUTE(IF(RIGHT(TRIM(C13),2)="->",LEFT(TRIM(C13),LEN(TRIM(C13))-2),IF(RIGHT(TRIM(C13),1)=">",LEFT(TRIM(C13),LEN(TRIM(C13))-1),C13)),"//",""))) -> jam | F13: jam | G13: =_xlfn.IFNA(VLOOKUP(F13,songs!$B$1:$C$1539, 2, FALSE),"") -> Jam | H13: Jam
A14: 13 | B14: Z:\Grateful Dead\# Dick's Picks #\01 - 1973-12-19 [Curtis Hixon Hall, Tampa, FL]\13 Stella Blue.flac | C14: Stella Blue | D14: =IF(RIGHT(TRIM(C14),2)="->",">",IF(RIGHT(TRIM(C14),1)=">",">","")) | E14: =LOWER(TRIM(SUBSTITUTE(IF(RIGHT(TRIM(C14),2)="->",LEFT(TRIM(C14),LEN(TRIM(C14))-2),IF(RIGHT(TRIM(C14),1)=">",LEFT(TRIM(C14),LEN(TRIM(C14))-1),C14)),"//",""))) -> stella blue | F14: stella blue | G14: =_xlfn.IFNA(VLOOKUP(F14,songs!$B$1:$C$1539, 2, FALSE),"") -> Stella Blue | H14: Stella Blue
A15: 14 | B15: Z:\Grateful Dead\# Dick's Picks #\01 - 1973-12-19 [Curtis Hixon Hall, Tampa, FL]\14 Around and Around.flac | C15: Around and Around | D15: =IF(RIGHT(TRIM(C15),2)="->",">",IF(RIGHT(TRIM(C15),1)=">",">","")) | E15: =LOWER(TRIM(SUBSTITUTE(IF(RIGHT(TRIM(C15),2)="->",LEFT(TRIM(C15),LEN(TRIM(C15))-2),IF(RIGHT(TRIM(C15),1)=">",LEFT(TRIM(C15),LEN(TRIM(C15))-1),C15)),"//",""))) -> around and around | F15: around and around | G15: =_xlfn.IFNA(VLOOKUP(F15,songs!$B$1:$C$1539, 2, FALSE),"") -> Around And Around | H15: Around And Around
A16: 15 | B16: Z:\Grateful Dead\# Dick's Picks #\02 - 1971-10-31 [Ohio Theatre, Columbus, OH]\01 Dark Star-Jam.flac | C16: Dark Star-Jam | D16: =IF(RIGHT(TRIM(C16),2)="->",">",IF(RIGHT(TRIM(C16),1)=">",">","")) | E16: =LOWER(TRIM(SUBSTITUTE(IF(RIGHT(TRIM(C16),2)="->",LEFT(TRIM(C16),LEN(TRIM(C16))-2),IF(RIGHT(TRIM(C16),1)=">",LEFT(TRIM(C16),LEN(TRIM(C16))-1),C16)),"//",""))) -> dark star-jam | F16: dark star | G16: =_xlfn.IFNA(VLOOKUP(F16,songs!$B$1:$C$1539, 2, FALSE),"") -> Dark Star
A17: 16 | B17: Z:\Grateful Dead\# Dick's Picks #\02 - 1971-10-31 [Ohio Theatre, Columbus, OH]\02 Sugar Magnolia.flac | C17: Sugar Magnolia | D17: =IF(RIGHT(TRIM(C17),2)="->",">",IF(RIGHT(TRIM(C17),1)=">",">","")) | E17: =LOWER(TRIM(SUBSTITUTE(IF(RIGHT(TRIM(C17),2)="->",LEFT(TRIM(C17),LEN(TRIM(C17))-2),IF(RIGHT(TRIM(C17),1)=">",LEFT(TRIM(C17),LEN(TRIM(C17))-1),C17)),"//",""))) -> sugar magnolia | F17: sugar magnolia | G17: =_xlfn.IFNA(VLOOKUP(F17,songs!$B$1:$C$1539, 2, FALSE),"") -> Sugar Magnolia | H17: Sugar Magnolia
A18: 17 | B18: Z:\Grateful Dead\# Dick's Picks #\02 - 1971-10-31 [Ohio Theatre, Columbus, OH]\03 St. Stephen.flac | C18: St. Stephen | D18: =IF(RIGHT(TRIM(C18),2)="->",">",IF(RIGHT(TRIM(C18),1)=">",">","")) | E18: =LOWER(TRIM(SUBSTITUTE(IF(RIGHT(TRIM(C18),2)="->",LEFT(TRIM(C18),LEN(TRIM(C18))-2),IF(RIGHT(TRIM(C18),1)=">",LEFT(TRIM(C18),LEN(TRIM(C18))-1),C18)),"//",""))) -> st. stephen | F18: saint stephen | G18: =_xlfn.IFNA(VLOOKUP(F18,songs!$B$1:$C$1539, 2, FALSE),"") -> Saint Stephen
A19: 18 | B19: Z:\Grateful Dead\# Dick's Picks #\02 - 1971-10-31 [Ohio Theatre, Columbus, OH]\04 Not Fade Away.flac | C19: Not Fade Away | D19: =IF(RIGHT(TRIM(C19),2)="->",">",IF(RIGHT(TRIM(C19),1)=">",">","")) | E19: =LOWER(TRIM(SUBSTITUTE(IF(RIGHT(TRIM(C19),2)="->",LEFT(TRIM(C19),LEN(TRIM(C19))-2),IF(RIGHT(TRIM(C19),1)=">",LEFT(TRIM(C19),LEN(TRIM(C19))-1),C19)),"//",""))) -> not fade away | F19: not fade away | G19: =_xlfn.IFNA(VLOOKUP(F19,songs!$B$1:$C$1539, 2, FALSE),"") -> Not Fade Away | H19: Not Fade Away
A20: 19 | B20: Z:\Grateful Dead\# Dick's Picks #\02 - 1971-10-31 [Ohio Theatre, Columbus, OH]\05 Goin' Down the Road Feeling Bad.flac | C20: Goin' Down the Road Feeling Bad | D20: =IF(RIGHT(TRIM(C20),2)="->",">",IF(RIGHT(TRIM(C20),1)=">",">","")) | E20: =LOWER(TRIM(SUBSTITUTE(IF(RIGHT(TRIM(C20),2)="->",LEFT(TRIM(C20),LEN(TRIM(C20))-2),IF(RIGHT(TRIM(C20),1)=">",LEFT(TRIM(C20),LEN(TRIM(C20))-1),C20)),"//",""))) -> goin' down the road feeling bad | F20: goin' down the road feelin' bad | G20: =_xlfn.IFNA(VLOOKUP(F20,songs!$B$1:$C$1539, 2, FALSE),"") -> Goin' Down The Road Feelin' Bad
A21: 20 | B21: Z:\Grateful Dead\# Dick's Picks #\02 - 1971-10-31 [Ohio Theatre, Columbus, OH]\06 Not Fade Away.flac | C21: Not Fade Away | D21: =IF(RIGHT(TRIM(C21),2)="->",">",IF(RIGHT(TRIM(C21),1)=">",">","")) | E21: =LOWER(TRIM(SUBSTITUTE(IF(RIGHT(TRIM(C21),2)="->",LEFT(TRIM(C21),LEN(TRIM(C21))-2),IF(RIGHT(TRIM(C21),1)=">",LEFT(TRIM(C21),LEN(TRIM(C21))-1),C21)),"//",""))) -> not fade away | F21: not fade away | G21: =_xlfn.IFNA(VLOOKUP(F21,songs!$B$1:$C$1539, 2, FALSE),"") -> Not Fade Away | H21: Not Fade Away
A22: 21 | B22: Z:\Grateful Dead\# Dick's Picks #\02 - 1971-10-31 [Ohio Theatre, Columbus, OH] 24 Bit (96-2) Vinyl rip\01 - Dark Star - Jam.flac | C22: Dark Star/Jam | D22: =IF(RIGHT(TRIM(C22),2)="->",">",IF(RIGHT(TRIM(C22),1)=">",">","")) | E22: =LOWER(TRIM(SUBSTITUTE(IF(RIGHT(TRIM(C22),2)="->",LEFT(TRIM(C22),LEN(TRIM(C22))-2),IF(RIGHT(TRIM(C22),1)=">",LEFT(TRIM(C22),LEN(TRIM(C22))-1),C22)),"//",""))) -> dark star/jam | F22: dark star | G22: =_xlfn.IFNA(VLOOKUP(F22,songs!$B$1:$C$1539, 2, FALSE),"") -> Dark Star
A23: 22 | B23: Z:\Grateful Dead\# Dick's Picks #\02 - 1971-10-31 [Ohio Theatre, Columbus, OH] 24 Bit (96-2) Vinyl rip\02 - Sugar Magnolia.flac | C23: Sugar Magnolia | D23: =IF(RIGHT(TRIM(C23),2)="->",">",IF(RIGHT(TRIM(C23),1)=">",">","")) | E23: =LOWER(TRIM(SUBSTITUTE(IF(RIGHT(TRIM(C23),2)="->",LEFT(TRIM(C23),LEN(TRIM(C23))-2),IF(RIGHT(TRIM(C23),1)=">",LEFT(TRIM(C23),LEN(TRIM(C23))-1),C23)),"//",""))) -> sugar magnolia | F23: sugar magnolia | G23: =_xlfn.IFNA(VLOOKUP(F23,songs!$B$1:$C$1539, 2, FALSE),"") -> Sugar Magnolia | H23: Sugar Magnolia
A24: 23 | B24: Z:\Grateful Dead\# Dick's Picks #\02 - 1971-10-31 [Ohio Theatre, Columbus, OH] 24 Bit (96-2) Vinyl rip\03 - St. Stephen.flac | C24: St. Stephen | D24: =IF(RIGHT(TRIM(C24),2)="->",">",IF(RIGHT(TRIM(C24),1)=">",">","")) | E24: =LOWER(TRIM(SUBSTITUTE(IF(RIGHT(TRIM(C24),2)="->",LEFT(TRIM(C24),LEN(TRIM(C24))-2),IF(RIGHT(TRIM(C24),1)=">",LEFT(TRIM(C24),LEN(TRIM(C24))-1),C24)),"//",""))) -> st. stephen | F24: saint stephen | G24: =_xlfn.IFNA(VLOOKUP(F24,songs!$B$1:$C$1539, 2, FALSE),"") -> Saint Stephen
A25: 24 | B25: Z:\Grateful Dead\# Dick's Picks #\02 - 1971-10-31 [Ohio Theatre, Columbus, OH] 24 Bit (96-2) Vinyl rip\04 - Not Fade Away.flac | C25: Not Fade Away | D25: =IF(RIGHT(TRIM(C25),2)="->",">",IF(RIGHT(TRIM(C25),1)=">",">","")) | E25: =LOWER(TRIM(SUBSTITUTE(IF(RIGHT(TRIM(C25),2)="->",LEFT(TRIM(C25),LEN(TRIM(C25))-2),IF(RIGHT(TRIM(C25),1)=">",LEFT(TRIM(C25),LEN(TRIM(C25))-1),C25)),"//",""))) -> not fade away | F25: not fade away | G25: =_xlfn.IFNA(VLOOKUP(F25,songs!$B$1:$C$1539, 2, FALSE),"") -> Not Fade Away | H25: Not Fade Away
A26: 25 | B26: Z:\Grateful Dead\# Dick's Picks #\02 - 1971-10-31 [Ohio Theatre, Columbus, OH] 24 Bit (96-2) Vinyl rip\05 - Goin' Down The Road Feeling Bad.flac | C26: Goin' Down The Road Feeling Bad | D26: =IF(RIGHT(TRIM(C26),2)="->",">",IF(RIGHT(TRIM(C26),1)=">",">","")) | E26: =LOWER(TRIM(SUBSTITUTE(IF(RIGHT(TRIM(C26),2)="->",LEFT(TRIM(C26),LEN(TRIM(C26))-2),IF(RIGHT(TRIM(C26),1)=">",LEFT(TRIM(C26),LEN(TRIM(C26))-1),C26)),"//",""))) -> goin' down the road feeling bad | F26: goin' down the road feelin' bad | G26: =_xlfn.IFNA(VLOOKUP(F26,songs!$B$1:$C$1539, 2, FALSE),"") -> Goin' Down The Road Feelin' Bad
A27: 26 | B27: Z:\Grateful Dead\# Dick's Picks #\02 - 1971-10-31 [Ohio Theatre, Columbus, OH] 24 Bit (96-2) Vinyl rip\06 - Not Fade Away.flac | C27: Not Fade Away | D27: =IF(RIGHT(TRIM(C27),2)="->",">",IF(RIGHT(TRIM(C27),1)=">",">","")) | E27: =LOWER(TRIM(SUBSTITUTE(IF(RIGHT(TRIM(C27),2)="->",LEFT(TRIM(C27),LEN(TRIM(C27))-2),IF(RIGHT(TRIM(C27),1)=">",LEFT(TRIM(C27),LEN(TRIM(C27))-1),C27)),"//",""))) -> not fade away | F27: not fade away | G27: =_xlfn.IFNA(VLOOKUP(F27,songs!$B$1:$C$1539, 2, FALSE),"") -> Not Fade Away | H27: Not Fade Away
A28: 27 | B28: Z:\Grateful Dead\# Dick's Picks #\03 - 1977-05-22 [Sportatorium, Pembroke Pines, FL]\101 Funiculì Funicula.flac | C28: Funiculì Funicula | D28: =IF(RIGHT(TRIM(C28),2)="->",">",IF(RIGHT(TRIM(C28),1)=">",">","")) | E28: =LOWER(TRIM(SUBSTITUTE(IF(RIGHT(TRIM(C28),2)="->",LEFT(TRIM(C28),LEN(TRIM(C28))-2),IF(RIGHT(TRIM(C28),1)=">",LEFT(TRIM(C28),LEN(TRIM(C28))-1),C28)),"//",""))) -> funiculì funicula | F28: funiculì funicula | G28: Funiculi, Funicula
A29: 28 | B29: Z:\Grateful Dead\# Dick's Picks #\03 - 1977-05-22 [Sportatorium, Pembroke Pines, FL]\102 The Music Never Stopped.flac | C29: The Music Never Stopped | D29: =IF(RIGHT(TRIM(C29),2)="->",">",IF(RIGHT(TRIM(C29),1)=">",">","")) | E29: =LOWER(TRIM(SUBSTITUTE(IF(RIGHT(TRIM(C29),2)="->",LEFT(TRIM(C29),LEN(TRIM(C29))-2),IF(RIGHT(TRIM(C29),1)=">",LEFT(TRIM(C29),LEN(TRIM(C29))-1),C29)),"//",""))) -> the music never stopped | F29: the music never stopped | G29: =_xlfn.IFNA(VLOOKUP(F29,songs!$B$1:$C$1539, 2, FALSE),"") -> The Music Never Stopped | H29: The Music Never Stopped
A30: 29 | B30: Z:\Grateful Dead\# Dick's Picks #\03 - 1977-05-22 [Sportatorium, Pembroke Pines, FL]\103 Sugaree.flac | C30: Sugaree | D30: =IF(RIGHT(TRIM(C30),2)="->",">",IF(RIGHT(TRIM(C30),1)=">",">","")) | E30: =LOWER(TRIM(SUBSTITUTE(IF(RIGHT(TRIM(C30),2)="->",LEFT(TRIM(C30),LEN(TRIM(C30))-2),IF(RIGHT(TRIM(C30),1)=">",LEFT(TRIM(C30),LEN(TRIM(C30))-1),C30)),"//",""))) -> sugaree | F30: sugaree | G30: =_xlfn.IFNA(VLOOKUP(F30,songs!$B$1:$C$1539, 2, FALSE),"") -> Sugaree | H30: Sugaree
A31: 30 | B31: Z:\Grateful Dead\# Dick's Picks #\03 - 1977-05-22 [Sportatorium, Pembroke Pines, FL]\104 Lazy Lightning.flac | C31: Lazy Lightning | D31: =IF(RIGHT(TRIM(C31),2)="->",">",IF(RIGHT(TRIM(C31),1)=">",">","")) | E31: =LOWER(TRIM(SUBSTITUTE(IF(RIGHT(TRIM(C31),2)="->",LEFT(TRIM(C31),LEN(TRIM(C31))-2),IF(RIGHT(TRIM(C31),1)=">",LEFT(TRIM(C31),LEN(TRIM(C31))-1),C31)),"//",""))) -> lazy lightning | F31: lazy lightning | G31: =_xlfn.IFNA(VLOOKUP(F31,songs!$B$1:$C$1539, 2, FALSE),"") -> Lazy Lightning | H31: Lazy Lightning
A32: 31 | B32: Z:\Grateful Dead\# Dick's Picks #\03 - 1977-05-22 [Sportatorium, Pembroke Pines, FL]\105 Supplication.flac | C32: Supplication | D32: =IF(RIGHT(TRIM(C32),2)="->",">",IF(RIGHT(TRIM(C32),1)=">",">","")) | E32: =LOWER(TRIM(SUBSTITUTE(IF(RIGHT(TRIM(C32),2)="->",LEFT(TRIM(C32),LEN(TRIM(C32))-2),IF(RIGHT(TRIM(C32),1)=">",LEFT(TRIM(C32),LEN(TRIM(C32))-1),C32)),"//",""))) -> supplication | F32: supplication | G32: =_xlfn.IFNA(VLOOKUP(F32,songs!$B$1:$C$1539, 2, FALSE),"") -> Supplication | H32: Supplication
A33: 32 | B33: Z:\Grateful Dead\# Dick's Picks #\03 - 1977-05-22 [Sportatorium, Pembroke Pines, FL]\106 Dancing in the Street.flac | C33: Dancing in the Street | D33: =IF(RIGHT(TRIM(C33),2)="->",">",IF(RIGHT(TRIM(C33),1)=">",">","")) | E33: =LOWER(TRIM(SUBSTITUTE(IF(RIGHT(TRIM(C33),2)="->",LEFT(TRIM(C33),LEN(TRIM(C33))-2),IF(RIGHT(TRIM(C33),1)=">",LEFT(TRIM(C33),LEN(TRIM(C33))-1),C33)),"//",""))) -> dancing in the street | F33: dancin' in the streets | G33: =_xlfn.IFNA(VLOOKUP(F33,songs!$B$1:$C$1539, 2, FALSE),"") -> Dancin' In The Streets
A34: 33 | B34: Z:\Grateful Dead\# Dick's Picks #\03 - 1977-05-22 [Sportatorium, Pembroke Pines, FL]\107 Help on the Way.flac | C34: Help on the Way | D34: =IF(RIGHT(TRIM(C34),2)="->",">",IF(RIGHT(TRIM(C34),1)=">",">","")) | E34: =LOWER(TRIM(SUBSTITUTE(IF(RIGHT(TRIM(C34),2)="->",LEFT(TRIM(C34),LEN(TRIM(C34))-2),IF(RIGHT(TRIM(C34),1)=">",LEFT(TRIM(C34),LEN(TRIM(C34))-1),C34)),"//",""))) -> help on the way | F34: help on the way | G34: =_xlfn.IFNA(VLOOKUP(F34,songs!$B$1:$C$1539, 2, FALSE),"") -> Help On The Way | H34: Help On The Way
A35: 34 | B35: Z:\Grateful Dead\# Dick's Picks #\03 - 1977-05-22 [Sportatorium, Pembroke Pines, FL]\108 Slipknot!.flac | C35: Slipknot! | D35: =IF(RIGHT(TRIM(C35),2)="->",">",IF(RIGHT(TRIM(C35),1)=">",">","")) | E35: =LOWER(TRIM(SUBSTITUTE(IF(RIGHT(TRIM(C35),2)="->",LEFT(TRIM(C35),LEN(TRIM(C35))-2),IF(RIGHT(TRIM(C35),1)=">",LEFT(TRIM(C35),LEN(TRIM(C35))-1),C35)),"//",""))) -> slipknot! | F35: slipknot! | G35: =_xlfn.IFNA(VLOOKUP(F35,songs!$B$1:$C$1539, 2, FALSE),"") -> Slipknot! | H35: Slipknot!
A36: 35 | B36: Z:\Grateful Dead\# Dick's Picks #\03 - 1977-05-22 [Sportatorium, Pembroke Pines, FL]\109 Franklin's Tower.flac | C36: Franklin's Tower | D36: =IF(RIGHT(TRIM(C36),2)="->",">",IF(RIGHT(TRIM(C36),1)=">",">","")) | E36: =LOWER(TRIM(SUBSTITUTE(IF(RIGHT(TRIM(C36),2)="->",LEFT(TRIM(C36),LEN(TRIM(C36))-2),IF(RIGHT(TRIM(C36),1)=">",LEFT(TRIM(C36),LEN(TRIM(C36))-1),C36)),"//",""))) -> franklin's tower | F36: franklin's tower | G36: =_xlfn.IFNA(VLOOKUP(F36,songs!$B$1:$C$1539, 2, FALSE),"") -> Franklin's Tower | H36: Franklin's Tower
A37: 36 | B37: Z:\Grateful Dead\# Dick's Picks #\03 - 1977-05-22 [Sportatorium, Pembroke Pines, FL]\201 Samson and Delilah.flac | C37: Samson and Delilah | D37: =IF(RIGHT(TRIM(C37),2)="->",">",IF(RIGHT(TRIM(C37),1)=">",">","")) | E37: =LOWER(TRIM(SUBSTITUTE(IF(RIGHT(TRIM(C37),2)="->",LEFT(TRIM(C37),LEN(TRIM(C37))-2),IF(RIGHT(TRIM(C37),1)=">",LEFT(TRIM(C37),LEN(TRIM(C37))-1),C37)),"//",""))) -> samson and delilah | F37: samson and delilah | G37: =_xlfn.IFNA(VLOOKUP(F37,songs!$B$1:$C$1539, 2, FALSE),"") -> Samson And Delilah | H37: Samson And Delilah
A38: 37 | B38: Z:\Grateful Dead\# Dick's Picks #\03 - 1977-05-22 [Sportatorium, Pembroke Pines, FL]\202 Sunrise.flac | C38: Sunrise | D38: =IF(RIGHT(TRIM(C38),2)="->",">",IF(RIGHT(TRIM(C38),1)=">",">","")) | E38: =LOWER(TRIM(SUBSTITUTE(IF(RIGHT(TRIM(C38),2)="->",LEFT(TRIM(C38),LEN(TRIM(C38))-2),IF(RIGHT(TRIM(C38),1)=">",LEFT(TRIM(C38),LEN(TRIM(C38))-1),C38)),"//",""))) -> sunrise | F38: sunrise | G38: =_xlfn.IFNA(VLOOKUP(F38,songs!$B$1:$C$1539, 2, FALSE),"") -> Sunrise | H38: Sunrise
A39: 38 | B39: Z:\Grateful Dead\# Dick's Picks #\03 - 1977-05-22 [Sportatorium, Pembroke Pines, FL]\203 Estimated Prophet.flac | C39: Estimated Prophet | D39: =IF(RIGHT(TRIM(C39),2)="->",">",IF(RIGHT(TRIM(C39),1)=">",">","")) | E39: =LOWER(TRIM(SUBSTITUTE(IF(RIGHT(TRIM(C39),2)="->",LEFT(TRIM(C39),LEN(TRIM(C39))-2),IF(RIGHT(TRIM(C39),1)=">",LEFT(TRIM(C39),LEN(TRIM(C39))-1),C39)),"//",""))) -> estimated prophet | F39: estimated prophet | G39: =_xlfn.IFNA(VLOOKUP(F39,songs!$B$1:$C$1539, 2, FALSE),"") -> Estimated Prophet | H39: Estimated Prophet
A40: 39 | B40: Z:\Grateful Dead\# Dick's Picks #\03 - 1977-05-22 [Sportatorium, Pembroke Pines, FL]\204 Eyes of the World.flac | C40: Eyes of the World | D40: =IF(RIGHT(TRIM(C40),2)="->",">",IF(RIGHT(TRIM(C40),1)=">",">","")) | E40: =LOWER(TRIM(SUBSTITUTE(IF(RIGHT(TRIM(C40),2)="->",LEFT(TRIM(C40),LEN(TRIM(C40))-2),IF(RIGHT(TRIM(C40),1)=">",LEFT(TRIM(C40),LEN(TRIM(C40))-1),C40)),"//",""))) -> eyes of the world | F40: eyes of the world | G40: =_xlfn.IFNA(VLOOKUP(F40,songs!$B$1:$C$1539, 2, FALSE),"") -> Eyes Of The World | H40: Eyes Of The World
A41: 40 | B41: Z:\Grateful Dead\# Dick's Picks #\03 - 1977-05-22 [Sportatorium, Pembroke Pines, FL]\205 Wharf Rat.flac | C41: Wharf Rat | D41: =IF(RIGHT(TRIM(C41),2)="->",">",IF(RIGHT(TRIM(C41),1)=">",">","")) | E41: =LOWER(TRIM(SUBSTITUTE(IF(RIGHT(TRIM(C41),2)="->",LEFT(TRIM(C41),LEN(TRIM(C41))-2),IF(RIGHT(TRIM(C41),1)=">",LEFT(TRIM(C41),LEN(TRIM(C41))-1),C41)),"//",""))) -> wharf rat | F41: wharf rat | G41: =_xlfn.IFNA(VLOOKUP(F41,songs!$B$1:$C$1539, 2, FALSE),"") -> Wharf Rat | H41: Wharf Rat
A42: 41 | B42: Z:\Grateful Dead\# Dick's Picks #\03 - 1977-05-22 [Sportatorium, Pembroke Pines, FL]\206 Terrapin Station.flac | C42: Terrapin Station | D42: =IF(RIGHT(TRIM(C42),2)="->",">",IF(RIGHT(TRIM(C42),1)=">",">","")) | E42: =LOWER(TRIM(SUBSTITUTE(IF(RIGHT(TRIM(C42),2)="->",LEFT(TRIM(C42),LEN(TRIM(C42))-2),IF(RIGHT(TRIM(C42),1)=">",LEFT(TRIM(C42),LEN(TRIM(C42))-1),C42)),"//",""))) -> terrapin station | F42: terrapin station | G42: =_xlfn.IFNA(VLOOKUP(F42,songs!$B$1:$C$1539, 2, FALSE),"") -> Terrapin Station | H42: Terrapin Station
A43: 42 | B43: Z:\Grateful Dead\# Dick's Picks #\03 - 1977-05-22 [Sportatorium, Pembroke Pines, FL]\207 (Walk Me Out in the ) Morning Dew.flac | C43: (Walk Me Out in the ) Morning Dew | D43: =IF(RIGHT(TRIM(C43),2)="->",">",IF(RIGHT(TRIM(C43),1)=">",">","")) | E43: =LOWER(TRIM(SUBSTITUTE(IF(RIGHT(TRIM(C43),2)="->",LEFT(TRIM(C43),LEN(TRIM(C43))-2),IF(RIGHT(TRIM(C43),1)=">",LEFT(TRIM(C43),LEN(TRIM(C43))-1),C43)),"//",""))) -> (walk me out in the ) morning dew | F43: morning dew | G43: =_xlfn.IFNA(VLOOKUP(F43,songs!$B$1:$C$1539, 2, FALSE),"") -> Morning Dew
A44: 45 | B44: Z:\Grateful Dead\# Dick's Picks #\04 - 1970-02-13 [ Fillmore East, New York, NY]\103 Dancing in the Street.flac | C44: Dancing in the Street | D44: =IF(RIGHT(TRIM(C44),2)="->",">",IF(RIGHT(TRIM(C44),1)=">",">","")) | E44: =LOWER(TRIM(SUBSTITUTE(IF(RIGHT(TRIM(C44),2)="->",LEFT(TRIM(C44),LEN(TRIM(C44))-2),IF(RIGHT(TRIM(C44),1)=">",LEFT(TRIM(C44),LEN(TRIM(C44))-1),C44)),"//",""))) -> dancing in the street | F44: dancin' in the streets | G44: =_xlfn.IFNA(VLOOKUP(F44,songs!$B$1:$C$1539, 2, FALSE),"") -> Dancin' In The Streets
A45: 44 | B45: Z:\Grateful Dead\# Dick's Picks #\04 - 1970-02-13 [ Fillmore East, New York, NY]\102 Casey Jones.flac | C45: Casey Jones | D45: =IF(RIGHT(TRIM(C45),2)="->",">",IF(RIGHT(TRIM(C45),1)=">",">","")) | E45: =LOWER(TRIM(SUBSTITUTE(IF(RIGHT(TRIM(C45),2)="->",LEFT(TRIM(C45),LEN(TRIM(C45))-2),IF(RIGHT(TRIM(C45),1)=">",LEFT(TRIM(C45),LEN(TRIM(C45))-1),C45)),"//",""))) -> casey jones | F45: casey jones | G45: =_xlfn.IFNA(VLOOKUP(F45,songs!$B$1:$C$1539, 2, FALSE),"") -> Casey Jones | H45: Casey Jones
A46: 51 | B46: Z:\Grateful Dead\# Dick's Picks #\04 - 1970-02-13 [ Fillmore East, New York, NY]\201 That's It for the Other One.flac | C46: That's It for the Other One | D46: =IF(RIGHT(TRIM(C46),2)="->",">",IF(RIGHT(TRIM(C46),1)=">",">","")) | E46: =LOWER(TRIM(SUBSTITUTE(IF(RIGHT(TRIM(C46),2)="->",LEFT(TRIM(C46),LEN(TRIM(C46))-2),IF(RIGHT(TRIM(C46),1)=">",LEFT(TRIM(C46),LEN(TRIM(C46))-1),C46)),"//",""))) -> that's it for the other one | F46: the other one | G46: =_xlfn.IFNA(VLOOKUP(F46,songs!$B$1:$C$1539, 2, FALSE),"") -> The Other One
A47: 46 | B47: Z:\Grateful Dead\# Dick's Picks #\04 - 1970-02-13 [ Fillmore East, New York, NY]\104 China Cat Sunflower.flac | C47: China Cat Sunflower | D47: =IF(RIGHT(TRIM(C47),2)="->",">",IF(RIGHT(TRIM(C47),1)=">",">","")) | E47: =LOWER(TRIM(SUBSTITUTE(IF(RIGHT(TRIM(C47),2)="->",LEFT(TRIM(C47),LEN(TRIM(C47))-2),IF(RIGHT(TRIM(C47),1)=">",LEFT(TRIM(C47),LEN(TRIM(C47))-1),C47)),"//",""))) -> china cat sunflower | F47: china cat sunflower | G47: =_xlfn.IFNA(VLOOKUP(F47,songs!$B$1:$C$1539, 2, FALSE),"") -> China Cat Sunflower | H47: China Cat Sunflower
A48: 47 | B48: Z:\Grateful Dead\# Dick's Picks #\04 - 1970-02-13 [ Fillmore East, New York, NY]\105 I Know You Rider.flac | C48: I Know You Rider | D48: =IF(RIGHT(TRIM(C48),2)="->",">",IF(RIGHT(TRIM(C48),1)=">",">","")) | E48: =LOWER(TRIM(SUBSTITUTE(IF(RIGHT(TRIM(C48),2)="->",LEFT(TRIM(C48),LEN(TRIM(C48))-2),IF(RIGHT(TRIM(C48),1)=">",LEFT(TRIM(C48),LEN(TRIM(C48))-1),C48)),"//",""))) -> i know you rider | F48: i know you rider | G48: =_xlfn.IFNA(VLOOKUP(F48,songs!$B$1:$C$1539, 2, FALSE),"") -> I Know You Rider | H48: I Know You Rider
A49: 48 | B49: Z:\Grateful Dead\# Dick's Picks #\04 - 1970-02-13 [ Fillmore East, New York, NY]\106 High Time.flac | C49: High Time | D49: =IF(RIGHT(TRIM(C49),2)="->",">",IF(RIGHT(TRIM(C49),1)=">",">","")) | E49: =LOWER(TRIM(SUBSTITUTE(IF(RIGHT(TRIM(C49),2)="->",LEFT(TRIM(C49),LEN(TRIM(C49))-2),IF(RIGHT(TRIM(C49),1)=">",LEFT(TRIM(C49),LEN(TRIM(C49))-1),C49)),"//",""))) -> high time | F49: high time | G49: =_xlfn.IFNA(VLOOKUP(F49,songs!$B$1:$C$1539, 2, FALSE),"") -> High Time | H49: High Time
A50: 49 | B50: Z:\Grateful Dead\# Dick's Picks #\04 - 1970-02-13 [ Fillmore East, New York, NY]\107 Dire Wolf.flac | C50: Dire Wolf | D50: =IF(RIGHT(TRIM(C50),2)="->",">",IF(RIGHT(TRIM(C50),1)=">",">","")) | E50: =LOWER(TRIM(SUBSTITUTE(IF(RIGHT(TRIM(C50),2)="->",LEFT(TRIM(C50),LEN(TRIM(C50))-2),IF(RIGHT(TRIM(C50),1)=">",LEFT(TRIM(C50),LEN(TRIM(C50))-1),C50)),"//",""))) -> dire wolf | F50: dire wolf | G50: =_xlfn.IFNA(VLOOKUP(F50,songs!$B$1:$C$1539, 2, FALSE),"") -> Dire Wolf | H50: Dire Wolf
A51: 50 | B51: Z:\Grateful Dead\# Dick's Picks #\04 - 1970-02-13 [ Fillmore East, New York, NY]\108 Dark Star.flac | C51: Dark Star | D51: =IF(RIGHT(TRIM(C51),2)="->",">",IF(RIGHT(TRIM(C51),1)=">",">","")) | E51: =LOWER(TRIM(SUBSTITUTE(IF(RIGHT(TRIM(C51),2)="->",LEFT(TRIM(C51),LEN(TRIM(C51))-2),IF(RIGHT(TRIM(C51),1)=">",LEFT(TRIM(C51),LEN(TRIM(C51))-1),C51)),"//",""))) -> dark star | F51: dark star | G51: =_xlfn.IFNA(VLOOKUP(F51,songs!$B$1:$C$1539, 2, FALSE),"") -> Dark Star | H51: Dark Star
A52: 52 | B52: Z:\Grateful Dead\# Dick's Picks #\04 - 1970-02-13 [ Fillmore East, New York, NY]\202 Turn on Your Love Light.flac | C52: Turn on Your Love Light | D52: =IF(RIGHT(TRIM(C52),2)="->",">",IF(RIGHT(TRIM(C52),1)=">",">","")) | E52: =LOWER(TRIM(SUBSTITUTE(IF(RIGHT(TRIM(C52),2)="->",LEFT(TRIM(C52),LEN(TRIM(C52))-2),IF(RIGHT(TRIM(C52),1)=">",LEFT(TRIM(C52),LEN(TRIM(C52))-1),C52)),"//",""))) -> turn on your love light | F52: turn on your lovelight | G52: =_xlfn.IFNA(VLOOKUP(F52,songs!$B$1:$C$1539, 2, FALSE),"") -> Turn On Your Lovelight
A53: 55 | B53: Z:\Grateful Dead\# Dick's Picks #\04 - 1970-02-13 [ Fillmore East, New York, NY]\303 Me & My Uncle.flac | C53: Me & My Uncle | D53: =IF(RIGHT(TRIM(C53),2)="->",">",IF(RIGHT(TRIM(C53),1)=">",">","")) | E53: =LOWER(TRIM(SUBSTITUTE(IF(RIGHT(TRIM(C53),2)="->",LEFT(TRIM(C53),LEN(TRIM(C53))-2),IF(RIGHT(TRIM(C53),1)=">",LEFT(TRIM(C53),LEN(TRIM(C53))-1),C53)),"//",""))) -> me & my uncle | F53: me and my uncle | G53: =_xlfn.IFNA(VLOOKUP(F53,songs!$B$1:$C$1539, 2, FALSE),"") -> Me And My Uncle
A54: 53 | B54: Z:\Grateful Dead\# Dick's Picks #\04 - 1970-02-13 [ Fillmore East, New York, NY]\301 Alligator.flac | C54: Alligator | D54: =IF(RIGHT(TRIM(C54),2)="->",">",IF(RIGHT(TRIM(C54),1)=">",">","")) | E54: =LOWER(TRIM(SUBSTITUTE(IF(RIGHT(TRIM(C54),2)="->",LEFT(TRIM(C54),LEN(TRIM(C54))-2),IF(RIGHT(TRIM(C54),1)=">",LEFT(TRIM(C54),LEN(TRIM(C54))-1),C54)),"//",""))) -> alligator | F54: alligator | G54: =_xlfn.IFNA(VLOOKUP(F54,songs!$B$1:$C$1539, 2, FALSE),"") -> Alligator | H54: Alligator
A55: 54 | B55: Z:\Grateful Dead\# Dick's Picks #\04 - 1970-02-13 [ Fillmore East, New York, NY]\302 Drums.flac | C55: Drums | D55: =IF(RIGHT(TRIM(C55),2)="->",">",IF(RIGHT(TRIM(C55),1)=">",">","")) | E55: =LOWER(TRIM(SUBSTITUTE(IF(RIGHT(TRIM(C55),2)="->",LEFT(TRIM(C55),LEN(TRIM(C55))-2),IF(RIGHT(TRIM(C55),1)=">",LEFT(TRIM(C55),LEN(TRIM(C55))-1),C55)),"//",""))) -> drums | F55: drums | G55: =_xlfn.IFNA(VLOOKUP(F55,songs!$B$1:$C$1539, 2, FALSE),"") -> Drums | H55: Drums
A56: 60 | B56: Z:\Grateful Dead\# Dick's Picks #\04 - 1970-02-13 [ Fillmore East, New York, NY]\308 We Bid You Goodnight.flac | C56: We Bid You Goodnight | D56: =IF(RIGHT(TRIM(C56),2)="->",">",IF(RIGHT(TRIM(C56),1)=">",">","")) | E56: =LOWER(TRIM(SUBSTITUTE(IF(RIGHT(TRIM(C56),2)="->",LEFT(TRIM(C56),LEN(TRIM(C56))-2),IF(RIGHT(TRIM(C56),1)=">",LEFT(TRIM(C56),LEN(TRIM(C56))-1),C56)),"//",""))) -> we bid you goodnight | F56: and we bid you good night | G56: =_xlfn.IFNA(VLOOKUP(F56,songs!$B$1:$C$1539, 2, FALSE),"") -> And We Bid You Good Night
A57: 56 | B57: Z:\Grateful Dead\# Dick's Picks #\04 - 1970-02-13 [ Fillmore East, New York, NY]\304 Not Fade Away.flac | C57: Not Fade Away | D57: =IF(RIGHT(TRIM(C57),2)="->",">",IF(RIGHT(TRIM(C57),1)=">",">","")) | E57: =LOWER(TRIM(SUBSTITUTE(IF(RIGHT(TRIM(C57),2)="->",LEFT(TRIM(C57),LEN(TRIM(C57))-2),IF(RIGHT(TRIM(C57),1)=">",LEFT(TRIM(C57),LEN(TRIM(C57))-1),C57)),"//",""))) -> not fade away | F57: not fade away | G57: =_xlfn.IFNA(VLOOKUP(F57,songs!$B$1:$C$1539, 2, FALSE),"") -> Not Fade Away | H57: Not Fade Away
A58: 57 | B58: Z:\Grateful Dead\# Dick's Picks #\04 - 1970-02-13 [ Fillmore East, New York, NY]\305 Mason's Children.flac | C58: Mason's Children | D58: =IF(RIGHT(TRIM(C58),2)="->",">",IF(RIGHT(TRIM(C58),1)=">",">","")) | E58: =LOWER(TRIM(SUBSTITUTE(IF(RIGHT(TRIM(C58),2)="->",LEFT(TRIM(C58),LEN(TRIM(C58))-2),IF(RIGHT(TRIM(C58),1)=">",LEFT(TRIM(C58),LEN(TRIM(C58))-1),C58)),"//",""))) -> mason's children | F58: mason's children | G58: =_xlfn.IFNA(VLOOKUP(F58,songs!$B$1:$C$1539, 2, FALSE),"") -> Mason's Children | H58: Mason's Children
A59: 58 | B59: Z:\Grateful Dead\# Dick's Picks #\04 - 1970-02-13 [ Fillmore East, New York, NY]\306 Caution (Do Not Stop on Tracks).flac | C59: Caution (Do Not Stop on Tracks) | D59: =IF(RIGHT(TRIM(C59),2)="->",">",IF(RIGHT(TRIM(C59),1)=">",">","")) | E59: =LOWER(TRIM(SUBSTITUTE(IF(RIGHT(TRIM(C59),2)="->",LEFT(TRIM(C59),LEN(TRIM(C59))-2),IF(RIGHT(TRIM(C59),1)=">",LEFT(TRIM(C59),LEN(TRIM(C59))-1),C59)),"//",""))) -> caution (do not stop on tracks) | F59: caution (do not stop on tracks) | G59: =_xlfn.IFNA(VLOOKUP(F59,songs!$B$1:$C$1539, 2, FALSE),"") -> Caution (Do Not Stop On Tracks) | H59: Caution (Do Not Stop On Tracks)
A60: 59 | B60: Z:\Grateful Dead\# Dick's Picks #\04 - 1970-02-13 [ Fillmore East, New York, NY]\307 Feedback.flac | C60: Feedback | D60: =IF(RIGHT(TRIM(C60),2)="->",">",IF(RIGHT(TRIM(C60),1)=">",">","")) | E60: =LOWER(TRIM(SUBSTITUTE(IF(RIGHT(TRIM(C60),2)="->",LEFT(TRIM(C60),LEN(TRIM(C60))-2),IF(RIGHT(TRIM(C60),1)=">",LEFT(TRIM(C60),LEN(TRIM(C60))-1),C60)),"//",""))) -> feedback | F60: feedback | G60: =_xlfn.IFNA(VLOOKUP(F60,songs!$B$1:$C$1539, 2, FALSE),"") -> Feedback | H60: Feedback
A61: 64 | B61: Z:\Grateful Dead\# Dick's Picks #\05 - 1979-12-26 [Oakland Auditorium Arena, Oakland, CA]\104 Me & My Uncle.flac | C61: Me & My Uncle | D61: =IF(RIGHT(TRIM(C61),2)="->",">",IF(RIGHT(TRIM(C61),1)=">",">","")) | E61: =LOWER(TRIM(SUBSTITUTE(IF(RIGHT(TRIM(C61),2)="->",LEFT(TRIM(C61),LEN(TRIM(C61))-2),IF(RIGHT(TRIM(C61),1)=">",LEFT(TRIM(C61),LEN(TRIM(C61))-1),C61)),"//",""))) -> me & my uncle | F61: me and my uncle | G61: =_xlfn.IFNA(VLOOKUP(F61,songs!$B$1:$C$1539, 2, FALSE),"") -> Me And My Uncle
A62: 61 | B62: Z:\Grateful Dead\# Dick's Picks #\05 - 1979-12-26 [Oakland Auditorium Arena, Oakland, CA]\101 Cold Rain and Snow.flac | C62: Cold Rain and Snow | D62: =IF(RIGHT(TRIM(C62),2)="->",">",IF(RIGHT(TRIM(C62),1)=">",">","")) | E62: =LOWER(TRIM(SUBSTITUTE(IF(RIGHT(TRIM(C62),2)="->",LEFT(TRIM(C62),LEN(TRIM(C62))-2),IF(RIGHT(TRIM(C62),1)=">",LEFT(TRIM(C62),LEN(TRIM(C62))-1),C62)),"//",""))) -> cold rain and snow | F62: cold rain and snow | G62: =_xlfn.IFNA(VLOOKUP(F62,songs!$B$1:$C$1539, 2, FALSE),"") -> Cold Rain And Snow | H62: Cold Rain And Snow
A63: 62 | B63: Z:\Grateful Dead\# Dick's Picks #\05 - 1979-12-26 [Oakland Auditorium Arena, Oakland, CA]\102 C.C. Rider.flac | C63: C.C. Rider | D63: =IF(RIGHT(TRIM(C63),2)="->",">",IF(RIGHT(TRIM(C63),1)=">",">","")) | E63: =LOWER(TRIM(SUBSTITUTE(IF(RIGHT(TRIM(C63),2)="->",LEFT(TRIM(C63),LEN(TRIM(C63))-2),IF(RIGHT(TRIM(C63),1)=">",LEFT(TRIM(C63),LEN(TRIM(C63))-1),C63)),"//",""))) -> c.c. rider | F63: c.c. rider | G63: =_xlfn.IFNA(VLOOKUP(F63,songs!$B$1:$C$1539, 2, FALSE),"") -> C.C. Rider | H63: C.C. Rider
A64: 63 | B64: Z:\Grateful Dead\# Dick's Picks #\05 - 1979-12-26 [Oakland Auditorium Arena, Oakland, CA]\103 Dire Wolf.flac | C64: Dire Wolf | D64: =IF(RIGHT(TRIM(C64),2)="->",">",IF(RIGHT(TRIM(C64),1)=">",">","")) | E64: =LOWER(TRIM(SUBSTITUTE(IF(RIGHT(TRIM(C64),2)="->",LEFT(TRIM(C64),LEN(TRIM(C64))-2),IF(RIGHT(TRIM(C64),1)=">",LEFT(TRIM(C64),LEN(TRIM(C64))-1),C64)),"//",""))) -> dire wolf | F64: dire wolf | G64: =_xlfn.IFNA(VLOOKUP(F64,songs!$B$1:$C$1539, 2, FALSE),"") -> Dire Wolf | H64: Dire Wolf
A65: 66 | B65: Z:\Grateful Dead\# Dick's Picks #\05 - 1979-12-26 [Oakland Auditorium Arena, Oakland, CA]\106 Brown-Eyed Woman.flac | C65: Brown-Eyed Woman | D65: =IF(RIGHT(TRIM(C65),2)="->",">",IF(RIGHT(TRIM(C65),1)=">",">","")) | E65: =LOWER(TRIM(SUBSTITUTE(IF(RIGHT(TRIM(C65),2)="->",LEFT(TRIM(C65),LEN(TRIM(C65))-2),IF(RIGHT(TRIM(C65),1)=">",LEFT(TRIM(C65),LEN(TRIM(C65))-1),C65)),"//",""))) -> brown-eyed woman | F65: brown eyed women | G65: =_xlfn.IFNA(VLOOKUP(F65,songs!$B$1:$C$1539, 2, FALSE),"") -> Brown Eyed Women
A66: 65 | B66: Z:\Grateful Dead\# Dick's Picks #\05 - 1979-12-26 [Oakland Auditorium Arena, Oakland, CA]\105 Big River.flac | C66: Big River | D66: =IF(RIGHT(TRIM(C66),2)="->",">",IF(RIGHT(TRIM(C66),1)=">",">","")) | E66: =LOWER(TRIM(SUBSTITUTE(IF(RIGHT(TRIM(C66),2)="->",LEFT(TRIM(C66),LEN(TRIM(C66))-2),IF(RIGHT(TRIM(C66),1)=">",LEFT(TRIM(C66),LEN(TRIM(C66))-1),C66)),"//",""))) -> big river | F66: big river | G66: =_xlfn.IFNA(VLOOKUP(F66,songs!$B$1:$C$1539, 2, FALSE),"") -> Big River | H66: Big River
A67: 67 | B67: Z:\Grateful Dead\# Dick's Picks #\05 - 1979-12-26 [Oakland Auditorium Arena, Oakland, CA]\107 New Minglewood Blues.flac | C67: New Minglewood Blues | D67: =IF(RIGHT(TRIM(C67),2)="->",">",IF(RIGHT(TRIM(C67),1)=">",">","")) | E67: =LOWER(TRIM(SUBSTITUTE(IF(RIGHT(TRIM(C67),2)="->",LEFT(TRIM(C67),LEN(TRIM(C67))-2),IF(RIGHT(TRIM(C67),1)=">",LEFT(TRIM(C67),LEN(TRIM(C67))-1),C67)),"//",""))) -> new minglewood blues | F67: Minglewood blues | G67: =_xlfn.IFNA(VLOOKUP(F67,songs!$B$1:$C$1539, 2, FALSE),"") -> Minglewood Blues
A68: 3324 | B68: Z:\Grateful Dead\# Studio Albums #\Original Albums\1980 Go To Heaven\(07) [Grateful Dead] Antwerp's Placebo (The Plumber).flac | C68: Antwerp's Placebo (The Plumber) | D68: =IF(RIGHT(TRIM(C68),2)="->",">",IF(RIGHT(TRIM(C68),1)=">",">","")) | E68: =LOWER(TRIM(SUBSTITUTE(IF(RIGHT(TRIM(C68),2)="->",LEFT(TRIM(C68),LEN(TRIM(C68))-2),IF(RIGHT(TRIM(C68),1)=">",LEFT(TRIM(C68),LEN(TRIM(C68))-1),C68)),"//",""))) -> antwerp's placebo (the plumber) | F68: antwerp's placebo (the plumber) | G68: =_xlfn.IFNA(VLOOKUP(F68,songs!$B$1:$C$1539, 2, FALSE),"")
A69: 68 | B69: Z:\Grateful Dead\# Dick's Picks #\05 - 1979-12-26 [Oakland Auditorium Arena, Oakland, CA]\108 Friend of the Devil.flac | C69: Friend of the Devil | D69: =IF(RIGHT(TRIM(C69),2)="->",">",IF(RIGHT(TRIM(C69),1)=">",">","")) | E69: =LOWER(TRIM(SUBSTITUTE(IF(RIGHT(TRIM(C69),2)="->",LEFT(TRIM(C69),LEN(TRIM(C69))-2),IF(RIGHT(TRIM(C69),1)=">",LEFT(TRIM(C69),LEN(TRIM(C69))-1),C69)),"//",""))) -> friend of the devil | F69: friend of the devil | G69: =_xlfn.IFNA(VLOOKUP(F69,songs!$B$1:$C$1539, 2, FALSE),"") -> Friend Of The Devil | H69: Friend Of The Devil
A70: 69 | B70: Z:\Grateful Dead\# Dick's Picks #\05 - 1979-12-26 [Oakland Auditorium Arena, Oakland, CA]\109 Looks Like Rain.flac | C70: Looks Like Rain | D70: =IF(RIGHT(TRIM(C70),2)="->",">",IF(RIGHT(TRIM(C70),1)=">",">","")) | E70: =LOWER(TRIM(SUBSTITUTE(IF(RIGHT(TRIM(C70),2)="->",LEFT(TRIM(C70),LEN(TRIM(C70))-2),IF(RIGHT(TRIM(C70),1)=">",LEFT(TRIM(C70),LEN(TRIM(C70))-1),C70)),"//",""))) -> looks like rain | F70: looks like rain | G70: =_xlfn.IFNA(VLOOKUP(F70,songs!$B$1:$C$1539, 2, FALSE),"") -> Looks Like Rain | H70: Looks Like Rain
A71: 70 | B71: Z:\Grateful Dead\# Dick's Picks #\05 - 1979-12-26 [Oakland Auditorium Arena, Oakland, CA]\110 Alabama Getaway.flac | C71: Alabama Getaway | D71: =IF(RIGHT(TRIM(C71),2)="->",">",IF(RIGHT(TRIM(C71),1)=">",">","")) | E71: =LOWER(TRIM(SUBSTITUTE(IF(RIGHT(TRIM(C71),2)="->",LEFT(TRIM(C71),LEN(TRIM(C71))-2),IF(RIGHT(TRIM(C71),1)=">",LEFT(TRIM(C71),LEN(TRIM(C71))-1),C71)),"//",""))) -> alabama getaway | F71: alabama getaway | G71: =_xlfn.IFNA(VLOOKUP(F71,songs!$B$1:$C$1539, 2, FALSE),"") -> Alabama Getaway | H71: Alabama Getaway
A72: 71 | B72: Z:\Grateful Dead\# Dick's Picks #\05 - 1979-12-26 [Oakland Auditorium Arena, Oakland, CA]\111 Promised Land.flac | C72: Promised Land | D72: =IF(RIGHT(TRIM(C72),2)="->",">",IF(RIGHT(TRIM(C72),1)=">",">","")) | E72: =LOWER(TRIM(SUBSTITUTE(IF(RIGHT(TRIM(C72),2)="->",LEFT(TRIM(C72),LEN(TRIM(C72))-2),IF(RIGHT(TRIM(C72),1)=">",LEFT(TRIM(C72),LEN(TRIM(C72))-1),C72)),"//",""))) -> promised land | F72: promised land | G72: =_xlfn.IFNA(VLOOKUP(F72,songs!$B$1:$C$1539, 2, FALSE),"") -> Promised Land | H72: Promised Land
A73: 72 | B73: Z:\Grateful Dead\# Dick's Picks #\05 - 1979-12-26 [Oakland Auditorium Arena, Oakland, CA]\201 Drums.flac | C73: Drums | D73: =IF(RIGHT(TRIM(C73),2)="->",">",IF(RIGHT(TRIM(C73),1)=">",">","")) | E73: =LOWER(TRIM(SUBSTITUTE(IF(RIGHT(TRIM(C73),2)="->",LEFT(TRIM(C73),LEN(TRIM(C73))-2),IF(RIGHT(TRIM(C73),1)=">",LEFT(TRIM(C73),LEN(TRIM(C73))-1),C73)),"//",""))) -> drums | F73: drums | G73: =_xlfn.IFNA(VLOOKUP(F73,songs!$B$1:$C$1539, 2, FALSE),"") -> Drums | H73: Drums
A74: 73 | B74: Z:\Grateful Dead\# Dick's Picks #\05 - 1979-12-26 [Oakland Auditorium Arena, Oakland, CA]\202 Uncle John's Band.flac | C74: Uncle John's Band | D74: =IF(RIGHT(TRIM(C74),2)="->",">",IF(RIGHT(TRIM(C74),1)=">",">","")) | E74: =LOWER(TRIM(SUBSTITUTE(IF(RIGHT(TRIM(C74),2)="->",LEFT(TRIM(C74),LEN(TRIM(C74))-2),IF(RIGHT(TRIM(C74),1)=">",LEFT(TRIM(C74),LEN(TRIM(C74))-1),C74)),"//",""))) -> uncle john's band | F74: uncle john's band | G74: =_xlfn.IFNA(VLOOKUP(F74,songs!$B$1:$C$1539, 2, FALSE),"") -> Uncle John's Band | H74: Uncle John's Band
A75: 74 | B75: Z:\Grateful Dead\# Dick's Picks #\05 - 1979-12-26 [Oakland Auditorium Arena, Oakland, CA]\203 Estimated Prophet.flac | C75: Estimated Prophet | D75: =IF(RIGHT(TRIM(C75),2)="->",">",IF(RIGHT(TRIM(C75),1)=">",">","")) | E75: =LOWER(TRIM(SUBSTITUTE(IF(RIGHT(TRIM(C75),2)="->",LEFT(TRIM(C75),LEN(TRIM(C75))-2),IF(RIGHT(TRIM(C75),1)=">",LEFT(TRIM(C75),LEN(TRIM(C75))-1),C75)),"//",""))) -> estimated prophet | F75: estimated prophet | G75: =_xlfn.IFNA(VLOOKUP(F75,songs!$B$1:$C$1539, 2, FALSE),"") -> Estimated Prophet | H75: Estimated Prophet
A76: 3511 | B76: Z:\Grateful Dead\# Studio Albums #\Studio Albums (24 Bit 192-2)\1980 - Go To Heaven\07-Antwerp's Placebo (The Plumber).flac | C76: Antwerp's Placebo (The Plumber) | D76: =IF(RIGHT(TRIM(C76),2)="->",">",IF(RIGHT(TRIM(C76),1)=">",">","")) | E76: =LOWER(TRIM(SUBSTITUTE(IF(RIGHT(TRIM(C76),2)="->",LEFT(TRIM(C76),LEN(TRIM(C76))-2),IF(RIGHT(TRIM(C76),1)=">",LEFT(TRIM(C76),LEN(TRIM(C76))-1),C76)),"//",""))) -> antwerp's placebo (the plumber) | F76: antwerp's placebo (the plumber) | G76: =_xlfn.IFNA(VLOOKUP(F76,songs!$B$1:$C$1539, 2, FALSE),"")
A77: 76 | B77: Z:\Grateful Dead\# Dick's Picks #\05 - 1979-12-26 [Oakland Auditorium Arena, Oakland, CA]\205 He's Gone.flac | C77: He's Gone | D77: =IF(RIGHT(TRIM(C77),2)="->",">",IF(RIGHT(TRIM(C77),1)=">",">","")) | E77: =LOWER(TRIM(SUBSTITUTE(IF(RIGHT(TRIM(C77),2)="->",LEFT(TRIM(C77),LEN(TRIM(C77))-2),IF(RIGHT(TRIM(C77),1)=">",LEFT(TRIM(C77),LEN(TRIM(C77))-1),C77)),"//",""))) -> he's gone | F77: he's gone | G77: =_xlfn.IFNA(VLOOKUP(F77,songs!$B$1:$C$1539, 2, FALSE),"") -> He's Gone | H77: He's Gone
A78: 77 | B78: Z:\Grateful Dead\# Dick's Picks #\05 - 1979-12-26 [Oakland Auditorium Arena, Oakland, CA]\206 The Other One.flac | C78: The Other One | D78: =IF(RIGHT(TRIM(C78),2)="->",">",IF(RIGHT(TRIM(C78),1)=">",">","")) | E78: =LOWER(TRIM(SUBSTITUTE(IF(RIGHT(TRIM(C78),2)="->",LEFT(TRIM(C78),LEN(TRIM(C78))-2),IF(RIGHT(TRIM(C78),1)=">",LEFT(TRIM(C78),LEN(TRIM(C78))-1),C78)),"//",""))) -> the other one | F78: the other one | G78: =_xlfn.IFNA(VLOOKUP(F78,songs!$B$1:$C$1539, 2, FALSE),"") -> The Other One | H78: The Other One
A79: 78 | B79: Z:\Grateful Dead\# Dick's Picks #\05 - 1979-12-26 [Oakland Auditorium Arena, Oakland, CA]\301 Drums.flac | C79: Drums | D79: =IF(RIGHT(TRIM(C79),2)="->",">",IF(RIGHT(TRIM(C79),1)=">",">","")) | E79: =LOWER(TRIM(SUBSTITUTE(IF(RIGHT(TRIM(C79),2)="->",LEFT(TRIM(C79),LEN(TRIM(C79))-2),IF(RIGHT(TRIM(C79),1)=">",LEFT(TRIM(C79),LEN(TRIM(C79))-1),C79)),"//",""))) -> drums | F79: drums | G79: =_xlfn.IFNA(VLOOKUP(F79,songs!$B$1:$C$1539, 2, FALSE),"") -> Drums | H79: Drums
A80: 75 | B80: Z:\Grateful Dead\# Dick's Picks #\05 - 1979-12-26 [Oakland Auditorium Arena, Oakland, CA]\204 Jam, No. 1.flac | C80: Jam, No. 1 | D80: =IF(RIGHT(TRIM(C80),2)="->",">",IF(RIGHT(TRIM(C80),1)=">",">","")) | E80: =LOWER(TRIM(SUBSTITUTE(IF(RIGHT(TRIM(C80),2)="->",LEFT(TRIM(C80),LEN(TRIM(C80))-2),IF(RIGHT(TRIM(C80),1)=">",LEFT(TRIM(C80),LEN(TRIM(C80))-1),C80)),"//",""))) -> jam, no. 1 | F80: jam | G80: =_xlfn.IFNA(VLOOKUP(F80,songs!$B$1:$C$1539, 2, FALSE),"") -> Jam
A81: 80 | B81: Z:\Grateful Dead\# Dick's Picks #\05 - 1979-12-26 [Oakland Auditorium Arena, Oakland, CA]\303 Not Fade Away.flac | C81: Not Fade Away | D81: =IF(RIGHT(TRIM(C81),2)="->",">",IF(RIGHT(TRIM(C81),1)=">",">","")) | E81: =LOWER(TRIM(SUBSTITUTE(IF(RIGHT(TRIM(C81),2)="->",LEFT(TRIM(C81),LEN(TRIM(C81))-2),IF(RIGHT(TRIM(C81),1)=">",LEFT(TRIM(C81),LEN(TRIM(C81))-1),C81)),"//",""))) -> not fade away | F81: not fade away | G81: =_xlfn.IFNA(VLOOKUP(F81,songs!$B$1:$C$1539, 2, FALSE),"") -> Not Fade Away | H81: Not Fade Away
A82: 81 | B82: Z:\Grateful Dead\# Dick's Picks #\05 - 1979-12-26 [Oakland Auditorium Arena, Oakland, CA]\304 Brokedown Palace.flac | C82: Brokedown Palace | D82: =IF(RIGHT(TRIM(C82),2)="->",">",IF(RIGHT(TRIM(C82),1)=">",">","")) | E82: =LOWER(TRIM(SUBSTITUTE(IF(RIGHT(TRIM(C82),2)="->",LEFT(TRIM(C82),LEN(TRIM(C82))-2),IF(RIGHT(TRIM(C82),1)=">",LEFT(TRIM(C82),LEN(TRIM(C82))-1),C82)),"//",""))) -> brokedown palace | F82: brokedown palace | G82: =_xlfn.IFNA(VLOOKUP(F82,songs!$B$1:$C$1539, 2, FALSE),"") -> Brokedown Palace | H82: Brokedown Palace
A83: 82 | B83: Z:\Grateful Dead\# Dick's Picks #\05 - 1979-12-26 [Oakland Auditorium Arena, Oakland, CA]\305 Around and Around.flac | C83: Around and Around | D83: =IF(RIGHT(TRIM(C83),2)="->",">",IF(RIGHT(TRIM(C83),1)=">",">","")) | E83: =LOWER(TRIM(SUBSTITUTE(IF(RIGHT(TRIM(C83),2)="->",LEFT(TRIM(C83),LEN(TRIM(C83))-2),IF(RIGHT(TRIM(C83),1)=">",LEFT(TRIM(C83),LEN(TRIM(C83))-1),C83)),"//",""))) -> around and around | F83: around and around | G83: =_xlfn.IFNA(VLOOKUP(F83,songs!$B$1:$C$1539, 2, FALSE),"") -> Around And Around | H83: Around And Around
A84: 83 | B84: Z:\Grateful Dead\# Dick's Picks #\05 - 1979-12-26 [Oakland Auditorium Arena, Oakland, CA]\306 Johnny B. Goode.flac | C84: Johnny B. Goode | D84: =IF(RIGHT(TRIM(C84),2)="->",">",IF(RIGHT(TRIM(C84),1)=">",">","")) | E84: =LOWER(TRIM(SUBSTITUTE(IF(RIGHT(TRIM(C84),2)="->",LEFT(TRIM(C84),LEN(TRIM(C84))-2),IF(RIGHT(TRIM(C84),1)=">",LEFT(TRIM(C84),LEN(TRIM(C84))-1),C84)),"//",""))) -> johnny b. goode | F84: johnny b. goode | G84: =_xlfn.IFNA(VLOOKUP(F84,songs!$B$1:$C$1539, 2, FALSE),"") -> Johnny B. Goode | H84: Johnny B. Goode
A85: 84 | B85: Z:\Grateful Dead\# Dick's Picks #\05 - 1979-12-26 [Oakland Auditorium Arena, Oakland, CA]\307 Shakedown Street.flac | C85: Shakedown Street | D85: =IF(RIGHT(TRIM(C85),2)="->",">",IF(RIGHT(TRIM(C85),1)=">",">","")) | E85: =LOWER(TRIM(SUBSTITUTE(IF(RIGHT(TRIM(C85),2)="->",LEFT(TRIM(C85),LEN(TRIM(C85))-2),IF(RIGHT(TRIM(C85),1)=">",LEFT(TRIM(C85),LEN(TRIM(C85))-1),C85)),"//",""))) -> shakedown street | F85: shakedown street | G85: =_xlfn.IFNA(VLOOKUP(F85,songs!$B$1:$C$1539, 2, FALSE),"") -> Shakedown Street | H85: Shakedown Street
A86: 85 | B86: Z:\Grateful Dead\# Dick's Picks #\05 - 1979-12-26 [Oakland Auditorium Arena, Oakland, CA]\308 Uncle John's Band.flac | C86: Uncle John's Band | D86: =IF(RIGHT(TRIM(C86),2)="->",">",IF(RIGHT(TRIM(C86),1)=">",">","")) | E86: =LOWER(TRIM(SUBSTITUTE(IF(RIGHT(TRIM(C86),2)="->",LEFT(TRIM(C86),LEN(TRIM(C86))-2),IF(RIGHT(TRIM(C86),1)=">",LEFT(TRIM(C86),LEN(TRIM(C86))-1),C86)),"//",""))) -> uncle john's band | F86: uncle john's band | G86: =_xlfn.IFNA(VLOOKUP(F86,songs!$B$1:$C$1539, 2, FALSE),"") -> Uncle John's Band | H86: Uncle John's Band
A87: 86 | B87: Z:\Grateful Dead\# Dick's Picks #\06 - 1983-10-14 [Hartford Civic Center, Hartford, CT]\101 Alabama Getaway.flac | C87: Alabama Getaway | D87: =IF(RIGHT(TRIM(C87),2)="->",">",IF(RIGHT(TRIM(C87),1)=">",">","")) | E87: =LOWER(TRIM(SUBSTITUTE(IF(RIGHT(TRIM(C87),2)="->",LEFT(TRIM(C87),LEN(TRIM(C87))-2),IF(RIGHT(TRIM(C87),1)=">",LEFT(TRIM(C87),LEN(TRIM(C87))-1),C87)),"//",""))) -> alabama getaway | F87: alabama getaway | G87: =_xlfn.IFNA(VLOOKUP(F87,songs!$B$1:$C$1539, 2, FALSE),"") -> Alabama Getaway | H87: Alabama Getaway
A88: 87 | B88: Z:\Grateful Dead\# Dick's Picks #\06 - 1983-10-14 [Hartford Civic Center, Hartford, CT]\102 Greatest Story Ever Told.flac | C88: Greatest Story Ever Told | D88: =IF(RIGHT(TRIM(C88),2)="->",">",IF(RIGHT(TRIM(C88),1)=">",">","")) | E88: =LOWER(TRIM(SUBSTITUTE(IF(RIGHT(TRIM(C88),2)="->",LEFT(TRIM(C88),LEN(TRIM(C88))-2),IF(RIGHT(TRIM(C88),1)=">",LEFT(TRIM(C88),LEN(TRIM(C88))-1),C88)),"//",""))) -> greatest story ever told | F88: greatest story ever told | G88: =_xlfn.IFNA(VLOOKUP(F88,songs!$B$1:$C$1539, 2, FALSE),"") -> Greatest Story Ever Told | H88: Greatest Story Ever Told
A89: 88 | B89: Z:\Grateful Dead\# Dick's Picks #\06 - 1983-10-14 [Hartford Civic Center, Hartford, CT]\103 They Love Each Other.flac | C89: They Love Each Other | D89: =IF(RIGHT(TRIM(C89),2)="->",">",IF(RIGHT(TRIM(C89),1)=">",">","")) | E89: =LOWER(TRIM(SUBSTITUTE(IF(RIGHT(TRIM(C89),2)="->",LEFT(TRIM(C89),LEN(TRIM(C89))-2),IF(RIGHT(TRIM(C89),1)=">",LEFT(TRIM(C89),LEN(TRIM(C89))-1),C89)),"//",""))) -> they love each other | F89: they love each other | G89: =_xlfn.IFNA(VLOOKUP(F89,songs!$B$1:$C$1539, 2, FALSE),"") -> They Love Each Other | H89: They Love Each Other
A90: 89 | B90: Z:\Grateful Dead\# Dick's Picks #\06 - 1983-10-14 [Hartford Civic Center, Hartford, CT]\104 Mama Tried.flac | C90: Mama Tried | D90: =IF(RIGHT(TRIM(C90),2)="->",">",IF(RIGHT(TRIM(C90),1)=">",">","")) | E90: =LOWER(TRIM(SUBSTITUTE(IF(RIGHT(TRIM(C90),2)="->",LEFT(TRIM(C90),LEN(TRIM(C90))-2),IF(RIGHT(TRIM(C90),1)=">",LEFT(TRIM(C90),LEN(TRIM(C90))-1),C90)),"//",""))) -> mama tried | F90: mama tried | G90: =_xlfn.IFNA(VLOOKUP(F90,songs!$B$1:$C$1539, 2, FALSE),"") -> Mama Tried | H90: Mama Tried
A91: 90 | B91: Z:\Grateful Dead\# Dick's Picks #\06 - 1983-10-14 [Hartford Civic Center, Hartford, CT]\105 Big River.flac | C91: Big River | D91: =IF(RIGHT(TRIM(C91),2)="->",">",IF(RIGHT(TRIM(C91),1)=">",">","")) | E91: =LOWER(TRIM(SUBSTITUTE(IF(RIGHT(TRIM(C91),2)="->",LEFT(TRIM(C91),LEN(TRIM(C91))-2),IF(RIGHT(TRIM(C91),1)=">",LEFT(TRIM(C91),LEN(TRIM(C91))-1),C91)),"//",""))) -> big river | F91: big river | G91: =_xlfn.IFNA(VLOOKUP(F91,songs!$B$1:$C$1539, 2, FALSE),"") -> Big River | H91: Big River
A92: 91 | B92: Z:\Grateful Dead\# Dick's Picks #\06 - 1983-10-14 [Hartford Civic Center, Hartford, CT]\106 Althea.flac | C92: Althea | D92: =IF(RIGHT(TRIM(C92),2)="->",">",IF(RIGHT(TRIM(C92),1)=">",">","")) | E92: =LOWER(TRIM(SUBSTITUTE(IF(RIGHT(TRIM(C92),2)="->",LEFT(TRIM(C92),LEN(TRIM(C92))-2),IF(RIGHT(TRIM(C92),1)=">",LEFT(TRIM(C92),LEN(TRIM(C92))-1),C92)),"//",""))) -> althea | F92: althea | G92: =_xlfn.IFNA(VLOOKUP(F92,songs!$B$1:$C$1539, 2, FALSE),"") -> Althea | H92: Althea
... A95: 94 | B95: Z:\Grateful Dead\# Dick's Picks #\06 - 1983-10-14 [Hartford Civic Center, Hartford, CT]\109 Hell in a Bucket.flac | C95: Hell in a Bucket | D95: =IF(RIGHT(TRIM(C95),2)="->",">",IF(RIGHT(TRIM(C95),1)=">",">","")) | E95: =LOWER(TRIM(SUBSTITUTE(IF(RIGHT(TRIM(C95),2)="->",LEFT(TRIM(C95),LEN(TRIM(C95))-2),IF(RIGHT(TRIM(C95),1)=">",LEFT(TRIM(C95),LEN(TRIM(C95))-1),C95)),"//",""))) -> hell in a bucket | F95: hell in a bucket | G95: =_xlfn.IFNA(VLOOKUP(F95,songs!$B$1:$C$1539, 2, FALSE),"") -> Hell In A Bucket | H95: Hell In A Bucket
A96: 79 | B96: Z:\Grateful Dead\# Dick's Picks #\05 - 1979-12-26 [Oakland Auditorium Arena, Oakland, CA]\302 Jam, No. 2.flac | C96: Jam, No. 2 | D96: =IF(RIGHT(TRIM(C96),2)="->",">",IF(RIGHT(TRIM(C96),1)=">",">","")) | E96: =LOWER(TRIM(SUBSTITUTE(IF(RIGHT(TRIM(C96),2)="->",LEFT(TRIM(C96),LEN(TRIM(C96))-2),IF(RIGHT(TRIM(C96),1)=">",LEFT(TRIM(C96),LEN(TRIM(C96))-1),C96)),"//",""))) -> jam, no. 2 | F96: jam | G96: =_xlfn.IFNA(VLOOKUP(F96,songs!$B$1:$C$1539, 2, FALSE),"") -> Jam
A97: 96 | B97: Z:\Grateful Dead\# Dick's Picks #\06 - 1983-10-14 [Hartford Civic Center, Hartford, CT]\201 Scarlet Begonias.flac | C97: Scarlet Begonias | D97: =IF(RIGHT(TRIM(C97),2)="->",">",IF(RIGHT(TRIM(C97),1)=">",">","")) | E97: =LOWER(TRIM(SUBSTITUTE(IF(RIGHT(TRIM(C97),2)="->",LEFT(TRIM(C97),LEN(TRIM(C97))-2),IF(RIGHT(TRIM(C97),1)=">",LEFT(TRIM(C97),LEN(TRIM(C97))-1),C97)),"//",""))) -> scarlet begonias | F97: scarlet begonias | G97: =_xlfn.IFNA(VLOOKUP(F97,songs!$B$1:$C$1539, 2, FALSE),"") -> Scarlet Begonias | H97: Scarlet Begonias
A98: 97 | B98: Z:\Grateful Dead\# Dick's Picks #\06 - 1983-10-14 [Hartford Civic Center, Hartford, CT]\202 Fire on the Mountain.flac | C98: Fire on the Mountain | D98: =IF(RIGHT(TRIM(C98),2)="->",">",IF(RIGHT(TRIM(C98),1)=">",">","")) | E98: =LOWER(TRIM(SUBSTITUTE(IF(RIGHT(TRIM(C98),2)="->",LEFT(TRIM(C98),LEN(TRIM(C98))-2),IF(RIGHT(TRIM(C98),1)=">",LEFT(TRIM(C98),LEN(TRIM(C98))-1),C98)),"//",""))) -> fire on the mountain | F98: fire on the mountain | G98: =_xlfn.IFNA(VLOOKUP(F98,songs!$B$1:$C$1539, 2, FALSE),"") -> Fire On The Mountain | H98: Fire On The Mountain
A99: 98 | B99: Z:\Grateful Dead\# Dick's Picks #\06 - 1983-10-14 [Hartford Civic Center, Hartford, CT]\203 Estimated Prophet.flac | C99: Estimated Prophet | D99: =IF(RIGHT(TRIM(C99),2)="->",">",IF(RIGHT(TRIM(C99),1)=">",">","")) | E99: =LOWER(TRIM(SUBSTITUTE(IF(RIGHT(TRIM(C99),2)="->",LEFT(TRIM(C99),LEN(TRIM(C99))-2),IF(RIGHT(TRIM(C99),1)=">",LEFT(TRIM(C99),LEN(TRIM(C99))-1),C99)),"//",""))) -> estimated prophet | F99: estimated prophet | G99: =_xlfn.IFNA(VLOOKUP(F99,songs!$B$1:$C$1539, 2, FALSE),"") -> Estimated Prophet | H99: Estimated Prophet
A100: 99 | B100: Z:\Grateful Dead\# Dick's Picks #\06 - 1983-10-14 [Hartford Civic Center, Hartford, CT]\204 Eyes of the World.flac | C100: Eyes of the World | D100: =IF(RIGHT(TRIM(C100),2)="->",">",IF(RIGHT(TRIM(C100),1)=">",">","")) | E100: =LOWER(TRIM(SUBSTITUTE(IF(RIGHT(TRIM(C100),2)="->",LEFT(TRIM(C100),LEN(TRIM(C100))-2),IF(RIGHT(TRIM(C100),1)=">",LEFT(TRIM(C100),LEN(TRIM(C100))-1),C100)),"//",""))) -> eyes of the world | F100: eyes of the world | G100: =_xlfn.IFNA(VLOOKUP(F100,songs!$B$1:$C$1539, 2, FALSE),"") -> Eyes Of The World | H100: Eyes Of The World
A101: 100 | B101: Z:\Grateful Dead\# Dick's Picks #\06 - 1983-10-14 [Hartford Civic Center, Hartford, CT]\301 Drums.flac | C101: Drums | D101: =IF(RIGHT(TRIM(C101),2)="->",">",IF(RIGHT(TRIM(C101),1)=">",">","")) | E101: =LOWER(TRIM(SUBSTITUTE(IF(RIGHT(TRIM(C101),2)="->",LEFT(TRIM(C101),LEN(TRIM(C101))-2),IF(RIGHT(TRIM(C101),1)=">",LEFT(TRIM(C101),LEN(TRIM(C101))-1),C101)),"//",""))) -> drums | F101: drums | G101: =_xlfn.IFNA(VLOOKUP(F101,songs!$B$1:$C$1539, 2, FALSE),"") -> Drums | H101: Drums
A102: 101 | B102: Z:\Grateful Dead\# Dick's Picks #\06 - 1983-10-14 [Hartford Civic Center, Hartford, CT]\302 Spanish Jam.flac | C102: Spanish Jam | D102: =IF(RIGHT(TRIM(C102),2)="->",">",IF(RIGHT(TRIM(C102),1)=">",">","")) | E102: =LOWER(TRIM(SUBSTITUTE(IF(RIGHT(TRIM(C102),2)="->",LEFT(TRIM(C102),LEN(TRIM(C102))-2),IF(RIGHT(TRIM(C102),1)=">",LEFT(TRIM(C102),LEN(TRIM(C102))-1),C102)),"//",""))) -> spanish jam | F102: spanish jam | G102: =_xlfn.IFNA(VLOOKUP(F102,songs!$B$1:$C$1539, 2, FALSE),"") -> Spanish Jam | H102: Spanish Jam
...

Sheet songs
A1: 1501 | B1: (back home again in) indiana | C1: (Back Home Again In) Indiana
A2: 500 | B2: (i'm a) road runner | C2: (I'm A) Road Runner
A3: 935 | B3: 16/16 | C3: 16/16
A4: 1629 | B4: 23rd psalm | C4: 23rd Psalm
A5: 35 | B5: 3 o'clock in the morning blues | C5: 3 O'Clock In The Morning Blues
A6: 817 | B6: a cry from the cross | C6: A Cry From The Cross
A7: 1709 | B7: a day in the life | C7: A Day In the Life
A8: 1555 | B8: a good man is hard to find | C8: A Good Man Is Hard To Find
A9: 479 | B9: a good woman's love | C9: A Good Woman's Love
A10: 370 | B10: a hard rain's a-gonna fall | C10: A Hard Rain's A-Gonna Fall
A11: 815 | B11: a little at a time | C11: A Little At A Time
A12: 1213 | B12: a mind to give up livin' | C12: A Mind To Give Up Livin'
... A1539: 894 | B1539: zillionaire | C1539: Zillionaire

Sheet export
A1: Z:\Grateful Dead\# Dick's Picks #\01 - 1973-12-19 [Curtis Hixon Hall, Tampa, FL]\03 Mississippi Half-Step Uptown Toodleloo.flac | B1: | | C1: Mississippi Half-Step Uptown Toodeloo | D1: |
A2: Z:\Grateful Dead\# Dick's Picks #\01 - 1973-12-19 [Curtis Hixon Hall, Tampa, FL]\04 Weather Report Suite.flac | B2: | | C2: Weather Report Suite Prelude > Weather Report Suite Part 1 | D2: |
A3: Z:\Grateful Dead\# Dick's Picks #\01 - 1973-12-19 [Curtis Hixon Hall, Tampa, FL]\11 Other One.flac | B3: | | C3: The Other One | D3: |
A4: Z:\Grateful Dead\# Dick's Picks #\02 - 1971-10-31 [Ohio Theatre, Columbus, OH]\01 Dark Star-Jam.flac | B4: | | C4: Dark Star | D4: |
A5: Z:\Grateful Dead\# Dick's Picks #\02 - 1971-10-31 [Ohio Theatre, Columbus, OH]\03 St. Stephen.flac | B5: | | C5: Saint Stephen | D5: |
A6: Z:\Grateful Dead\# Dick's Picks #\02 - 1971-10-31 [Ohio Theatre, Columbus, OH]\05 Goin' Down the Road Feeling Bad.flac | B6: | | C6: Goin' Down The Road Feelin' Bad | D6: |
A7: Z:\Grateful Dead\# Dick's Picks #\02 - 1971-10-31 [Ohio Theatre, Columbus, OH] 24 Bit (96-2) Vinyl rip\01 - Dark Star - Jam.flac | B7: | | C7: Dark Star | D7: |
A8: Z:\Grateful Dead\# Dick's Picks #\02 - 1971-10-31 [Ohio Theatre, Columbus, OH] 24 Bit (96-2) Vinyl rip\03 - St. Stephen.flac | B8: | | C8: Saint Stephen | D8: |
A9: Z:\Grateful Dead\# Dick's Picks #\02 - 1971-10-31 [Ohio Theatre, Columbus, OH] 24 Bit (96-2) Vinyl rip\05 - Goin' Down The Road Feeling Bad.flac | B9: | | C9: Goin' Down The Road Feelin' Bad | D9: |
A10: Z:\Grateful Dead\# Dick's Picks #\03 - 1977-05-22 [Sportatorium, Pembroke Pines, FL]\101 Funiculì Funicula.flac | B10: | | C10: Funiculi, Funicula | D10: |
A11: Z:\Grateful Dead\# Dick's Picks #\03 - 1977-05-22 [Sportatorium, Pembroke Pines, FL]\106 Dancing in the Street.flac | B11: | | C11: Dancin' In The Streets | D11: |
A12: Z:\Grateful Dead\# Dick's Picks #\03 - 1977-05-22 [Sportatorium, Pembroke Pines, FL]\207 (Walk Me Out in the ) Morning Dew.flac | B12: | | C12: Morning Dew | D12: |
... A76: Z:\Grateful Dead\# Dick's Picks #\20 - 1976-09-25 [Capitol Centre, Landover, MD]\105 Brown-Eyed Women.flac | B76: | | C76: Brown Eyed Women | D76: |
A77: Z:\Grateful Dead\# Dick's Picks #\20 - 1976-09-25 [Capitol Centre, Landover, MD]\201 Lazy Lightnin' -».flac | B77: | | C77: Lazy Lightning | D77: | | E77: >
A78: Z:\Grateful Dead\# Dick's Picks #\20 - 1976-09-25 [Capitol Centre, Landover, MD]\204 Dancing In The Streets.flac | B78: | | C78: Dancin' In The Streets | D78: |
A79: Z:\Grateful Dead\# Dick's Picks #\20 - 1976-09-25 [Capitol Centre, Landover, MD]\207 St. Stephen.flac | B79: | | C79: Saint Stephen | D79: |
A80: Z:\Grateful Dead\# Dick's Picks #\20 - 1976-09-25 [Capitol Centre, Landover, MD]\211 St. Stephen.flac | B80: | | C80: Saint Stephen | D80: |
A81: Z:\Grateful Dead\# Dick's Picks #\20 - 1976-09-28 [Onondaga County War Memorial, Syracuse, NY]\101 Cold Rain & Snow.flac | B81: | | C81: Cold Rain And Snow | D81: |
A82: Z:\Grateful Dead\# Dick's Picks #\20 - 1976-09-28 [Onondaga County War Memorial, Syracuse, NY]\105 New Minglewood Blues.flac | B82: | | C82: Minglewood Blues | D82: |
A83: Z:\Grateful Dead\# Dick's Picks #\20 - 1976-09-28 [Onondaga County War Memorial, Syracuse, NY]\110 Goin Down the Road Feelin Bad.flac | B83: | | C83: Goin' Down The Road Feelin' Bad | D83: |
A84: Z:\Grateful Dead\# Dick's Picks #\20 - 1976-09-28 [Onondaga County War Memorial, Syracuse, NY]\203 Samson & Delilah.flac | B84: | | C84: Samson And Delilah | D84: |
A85: Z:\Grateful Dead\# Dick's Picks #\20 - 1976-09-28 [Onondaga County War Memorial, Syracuse, NY]\209 Dancing in the Streets.flac | B85: | | C85: Dancin' In The Streets | D85: |
A86: Z:\Grateful Dead\# Dick's Picks #\21 - 1985-11-01 [Richmond Coliseum, Richmond, VA]\101 Dancing In The Streets -».flac | B86: | | C86: Dancin' In The Streets | D86: | | E86: >
A87: Z:\Grateful Dead\# Dick's Picks #\21 - 1985-11-01 [Richmond Coliseum, Richmond, VA]\107 Brown-Eyed Women.flac | B87: | | C87: Brown Eyed Women | D87: |
A88: Z:\Grateful Dead\# Dick's Picks #\21 - 1985-11-01 [Richmond Coliseum, Richmond, VA]\213 Keep Your Day Job.flac | B88: | | C88: Day Job | D88: |
A89: Z:\Grateful Dead\# Dick's Picks #\22 - 1968-02-23 [Kings Beach, Lake Tahoe, CA]\202 Good Morning Little School Girl.flac | B89: | | C89: Good Morning Little Schoolgirl | D89: |
A90: Z:\Grateful Dead\# Dick's Picks #\22 - 1968-02-23 [Kings Beach, Lake Tahoe, CA]\203 That's It For The Other One -».flac | B90: | | C90: The Other One | D90: | | E90: >
A91: Z:\Grateful Dead\# Dick's Picks #\22 - 1968-02-23 [Kings Beach, Lake Tahoe, CA]\209 Caution -».flac | B91: | | C91: Caution (Do Not Stop On Tracks) | D91: | | E91: >
A92: Z:\Grateful Dead\# Dick's Picks #\23 - 1972-09-17 [Baltimore Civic Center, Baltimore, MD]\103 Black-Throated Wind.flac | B92: | | C92: Black Throated Wind | D92: |
A93: Z:\Grateful Dead\# Dick's Picks #\24 - 1974-03-23 [Cow Palace, Daly City, CA]\103 Brown-Eyed Women.flac | B93: | | C93: Brown Eyed Women | D93: |
A94: Z:\Grateful Dead\# Dick's Picks #\24 - 1974-03-23 [Cow Palace, Daly City, CA]\104 Black-Throated Wind.flac | B94: | | C94: Black Throated Wind | D94: |
A95: Z:\Grateful Dead\# Dick's Picks #\24 - 1974-03-23 [Cow Palace, Daly City, CA]\109 China Cat Sunflower-».flac | B95: | | C95: China Cat Sunflower | D95: | | E95: >
A96: Z:\Grateful Dead\# Dick's Picks #\24 - 1974-03-23 [Cow Palace, Daly City, CA]\111 Weather Report Suite.flac | B96: | | C96: Weather Report Suite Prelude > Weather Report Suite Part 1 | D96: |
A97: Z:\Grateful Dead\# Dick's Picks #\24 - 1974-03-23 [Cow Palace, Daly City, CA]\204 Uncle John's Band reprise -».flac | B97: | | C97: Uncle John's Band | D97: | | E97: >
A98: Z:\Grateful Dead\# Dick's Picks #\25 - 1978-05-10 [New Haven Coliseum, New Haven, CT]\205 drumz ].flac | B98: | | C98: Drums | D98: | | E98: >
A99: Z:\Grateful Dead\# Dick's Picks #\25 - 1978-05-10 [New Haven Coliseum, New Haven, CT]\206 Other One ].flac | B99: | | C99: The Other One | D99: | | E99: >
A100: Z:\Grateful Dead\# Dick's Picks #\25 - 1978-05-11 [Springfield Civic Centre Arena, Springfield]\106 New Minglewood Blues.flac | B100: | | C100: Minglewood Blues | D100: |
A101: Z:\Grateful Dead\# Dick's Picks #\25 - 1978-05-11 [Springfield Civic Centre Arena, Springfield]\108 Lazy Lightnin' --».flac | B101: | | C101: Lazy Lightning | D101: | | E101: >
A102: Z:\Grateful Dead\# Dick's Picks #\25 - 1978-05-11 [Springfield Civic Centre Arena, Springfield]\203 Dancing In The Streets.flac | B102: | | C102: Dancin' In The Streets | D102: |
A103: Z:\Grateful Dead\# Dick's Picks #\26 - 1969-04-26 [Electric Theatre, Chicago, IL]\101 Duprees Diamond Blues».flac | B103: | | C103: Dupree's Diamond Blues | D103: |
A104: Z:\Grateful Dead\# Dick's Picks #\26 - 1969-04-26 [Electric Theatre, Chicago, IL]\102 Mountains of the Moon».flac | B104: | | C104: Mountains Of The Moon | D104: |
A105: Z:\Grateful Dead\# Dick's Picks #\26 - 1969-04-26 [Electric Theatre, Chicago, IL]\103 China Cat Sinflower».flac | B105: | | C105: China Cat Sunflower | D105: | | E105: >
A106: Z:\Grateful Dead\# Dick's Picks #\26 - 1969-04-26 [Electric Theatre, Chicago, IL]\105 Cryptical Envelopement».flac | B106: | | C106: Cryptical Envelopment | D106: | | E106: >
A107: Z:\Grateful Dead\# Dick's Picks #\26 - 1969-04-26 [Electric Theatre, Chicago, IL]\106 The Other One».flac | B107: | | C107: The Other One | D107: |
A108: Z:\Grateful Dead\# Dick's Picks #\26 - 1969-04-26 [Electric Theatre, Chicago, IL]\107 The Eleven».flac | B108: | | C108: The Eleven | D108: | | E108: >
A109: Z:\Grateful Dead\# Dick's Picks #\26 - 1969-04-26 [Electric Theatre, Chicago, IL]\108 The Other One».flac | B109: | | C109: The Other One | D109: |
A110: Z:\Grateful Dead\# Dick's Picks #\26 - 1969-04-26 [Electric Theatre, Chicago, IL]\109 I Know Its a Sin.flac | B110: | | C110: I Know It's A Sin | D110: |
A111: Z:\Grateful Dead\# Dick's Picks #\26 - 1969-04-26 [Electric Theatre, Chicago, IL]\110 Lovelight».flac | B111: | | C111: Turn On Your Lovelight | D111: |
A112: Z:\Grateful Dead\# Dick's Picks #\26 - 1969-04-26 [Electric Theatre, Chicago, IL]\111 Me and My Uncle».flac | B112: | | C112: Me And My Uncle | D112: | | E112: >
A113: Z:\Grateful Dead\# Dick's Picks #\26 - 1969-04-26 [Electric Theatre, Chicago, IL]\113 Dark Star».flac | B113: | | C113: Dark Star | D113: | | E113: >
A114: Z:\Grateful Dead\# Dick's Picks #\26 - 1969-04-26 [Electric Theatre, Chicago, IL]\114 St. Stephen».flac | B114: | | C114: Saint Stephen | D114: |
A115: Z:\Grateful Dead\# Dick's Picks #\26 - 1969-04-26 [Electric Theatre, Chicago, IL]\115 The Eleven».flac | B115: | | C115: The Eleven | D115: | | E115: >
A116: Z:\Grateful Dead\# Dick's Picks #\26 - 1969-04-26 [Electric Theatre, Chicago, IL]\116 Lovelight.flac | B116: | | C116: Turn On Your Lovelight | D116: |
A117: Z:\Grateful Dead\# Dick's Picks #\27 - 1992-12-16 [Oakland Coliseum, Oakland, CA]\102 Brown-Eyed Women.flac | B117: | | C117: Brown Eyed Women | D117: |
A118: Z:\Grateful Dead\# Dick's Picks #\27 - 1992-12-16 [Oakland Coliseum, Oakland, CA]\105 Stuck Inside Mobile w- The Memphis Blues.flac | B118: | | C118: Stuck Inside Of Mobile With The Memphis Blues Again | D118: |
A119: Z:\Grateful Dead\# Dick's Picks #\28 - 1973-02-26 [Pershing Municipal Auditorium, Lincoln, NE]\109 Playin' In The Band.flac | B119: | | C119: Playing In The Band | D119: |
A120: Z:\Grateful Dead\# Dick's Picks #\28 - 1973-02-26 [Pershing Municipal Auditorium, Lincoln, NE]\204 Mississippi Half-Step.flac | B120: | | C120: Mississippi Half-Step Uptown Toodeloo | D120: |
A121: Z:\Grateful Dead\# Dick's Picks #\28 - 1973-02-26 [Pershing Municipal Auditorium, Lincoln, NE]\207 Goin' Down The Road Feeling Bad --».flac | B121: | | C121: Goin' Down The Road Feelin' Bad | D121: | | E121: >
A122: Z:\Grateful Dead\# Dick's Picks #\28 - 1973-02-28 [Salt Palace, Salt Lake City, UT]\207 We Bid You Goodnight.flac | B122: | | C122: And We Bid You Good Night | D122: |
A123: Z:\Grateful Dead\# Dick's Picks #\29 - 1977-05-19 [Fox Theatre, Atlanta, GA]\105 Jack-A-Row.flac | B123: | | C123: Jack-A-Roe | D123: |
A124: Z:\Grateful Dead\# Dick's Picks #\29 - 1977-05-19 [Fox Theatre, Atlanta, GA]\108 New Minglewood Blues.flac | B124: | | C124: Minglewood Blues | D124: |
A125: Z:\Grateful Dead\# Dick's Picks #\29 - 1977-05-19 [Fox Theatre, Atlanta, GA]\202 Brown-Eyed Woman.flac | B125: | | C125: Brown Eyed Women | D125: |
A126: Z:\Grateful Dead\# Dick's Picks #\29 - 1977-05-19 [Fox Theatre, Atlanta, GA]\208 St. Stephen».flac | B126: | | C126: Saint Stephen | D126: |
A127: Z:\Grateful Dead\# Dick's Picks #\29 - 1977-05-19 [Fox Theatre, Atlanta, GA]\210 St.Stephen ».flac | B127: | | C127: Saint Stephen | D127: | | E127: >
A128: Z:\Grateful Dead\# Dick's Picks #\29 - 1977-05-19 [Fox Theatre, Atlanta, GA]\998 Dancing in the Streets (filler) 1977-10-11.flac | B128: | | C128: Dancin' In The Streets | D128: |
A129: Z:\Grateful Dead\# Dick's Picks #\29 - 1977-05-19 [Fox Theatre, Atlanta, GA]\999 Dire Wolf (filler) 1977-10-11.flac | B129: | | C129: Dire Wolf | D129: |
A130: Z:\Grateful Dead\# Dick's Picks #\29 - 1977-05-21 [Lakeland Civic Center, Lakekand, FL]\201 Dancing In The Streets.flac | B130: | | C130: Dancin' In The Streets | D130: |
A131: Z:\Grateful Dead\# Dick's Picks #\29 - 1977-05-21 [Lakeland Civic Center, Lakekand, FL]\301 Terrrapin Station-].flac | B131: | | C131: Terrapin Station | D131: | | E131: >
A132: Z:\Grateful Dead\# Dick's Picks #\29 - 1977-05-21 [Lakeland Civic Center, Lakekand, FL]\997 Drums-] Not Fade Away (filler - 77-10-11).flac | B132: | | C132: Drums > Not Fade Away | D132: |
A133: Z:\Grateful Dead\# Dick's Picks #\29 - 1977-05-21 [Lakeland Civic Center, Lakekand, FL]\998 Wharf Rat (filler - 77-10-11).flac | B133: | | C133: Wharf Rat | D133: |
A134: Z:\Grateful Dead\# Dick's Picks #\29 - 1977-05-21 [Lakeland Civic Center, Lakekand, FL]\999 Round and Round (filler - 77-10-11).flac | B134: | | C134: Around And Around | D134: |
A135: Z:\Grateful Dead\# Dick's Picks #\30 - 1972-03-25 [Academy Of Music, New York, NY]\106 How Sweet It Is.flac | B135: | | C135: How Sweet It Is (To Be Loved By You) | D135: |
A136: Z:\Grateful Dead\# Dick's Picks #\30 - 1972-03-25 [Academy Of Music, New York, NY]\108 Smokestack Lightnin'.flac | B136: | | C136: Smokestack Lightning | D136: |
A137: Z:\Grateful Dead\# Dick's Picks #\30 - 1972-03-25 [Academy Of Music, New York, NY]\204 Black-Throated Wind.flac | B137: | | C137: Black Throated Wind | D137: |
A138: Z:\Grateful Dead\# Dick's Picks #\30 - 1972-03-25 [Academy Of Music, New York, NY]\309 The Stranger (Two Souls In Communion).flac | B138: | | C138: Two Souls In Communion | D138: |
A139: Z:\Grateful Dead\# Dick's Picks #\30 - 1972-03-25 [Academy Of Music, New York, NY]\405 Goin' Down The Road Feeling Bad.flac | B139: | | C139: Goin' Down The Road Feelin' Bad | D139: |
A140: Z:\Grateful Dead\# Dick's Picks #\31 - 1974-08-04 [Civic Center, Philadelphia, PA]\07 Weather Report Suite.flac | B140: | | C140: Weather Report Suite Prelude > Weather Report Suite Part 1 | D140: |
A141: Z:\Grateful Dead\# Dick's Picks #\31 - 1974-08-05 [Civic Center, Philadelphia, PA]\01 Me & Bobby McGee.flac | B141: | | C141: Me And Bobby McGee | D141: |
A142: Z:\Grateful Dead\# Dick's Picks #\31 - 1974-08-05 [Civic Center, Philadelphia, PA]\11 Other One Jam.flac | B142: | | C142: The Other One | D142: |
A143: Z:\Grateful Dead\# Dick's Picks #\32 - 1982-08-07 [Alpine Valley, East Troy, WI]\203 Man Smart, Woman Smarter.flac | B143: | | C143: Man Smart (Woman Smarter) | D143: |
... A145: Z:\Grateful Dead\# Dick's Picks #\33 - 1976-10-09 [Oakland Stadium, CA]\109 Lazy Lightnin'.flac | B145: | | C145: Lazy Lightning | D145: |
A146: Z:\Grateful Dead\# Dick's Picks #\33 - 1976-10-09 [Oakland Stadium, CA]\201 St. Stephen ».flac | B146: | | C146: Saint Stephen | D146: | | E146: >
A147: Z:\Grateful Dead\# Dick's Picks #\33 - 1976-10-09 [Oakland Stadium, CA]\203 St. Stephen ».flac | B147: | | C147: Saint Stephen | D147: | | E147: >
A148: Z:\Grateful Dead\# Dick's Picks #\33 - 1976-10-09 [Oakland Stadium, CA]\205 Slipknot ».flac | B148: | | C148: Slipknot! | D148: | | E148: >
A149: Z:\Grateful Dead\# Dick's Picks #\33 - 1976-10-09 [Oakland Stadium, CA]\207 Samson & Delilah ».flac | B149: | | C149: Samson And Delilah | D149: | | E149: >
A150: Z:\Grateful Dead\# Dick's Picks #\33 - 1976-10-09 [Oakland Stadium, CA]\208 Slipknot ».flac | B150: | | C150: Slipknot! | D150: | | E150: >
A151: Z:\Grateful Dead\# Dick's Picks #\33 - 1976-10-10 [Oakland Stadium, CA]\110 Dancing In The Streets.flac | B151: | | C151: Dancin' In The Streets | D151: |
A152: Z:\Grateful Dead\# Dick's Picks #\33 - 1976-10-10 [Oakland Stadium, CA]\112 Dancing In The Streets.flac | B152: | | C152: Dancin' In The Streets | D152: |
A153: Z:\Grateful Dead\# Dick's Picks #\33 - 1976-10-10 [Oakland Stadium, CA]\201 Samson & Delilah.flac | B153: | | C153: Samson And Delilah | D153: |
A154: Z:\Grateful Dead\# Dick's Picks #\33 - 1976-10-10 [Oakland Stadium, CA]\202 Brown-Eyed Woman.flac | B154: | | C154: Brown Eyed Women | D154: |
A155: Z:\Grateful Dead\# Dick's Picks #\34 - 1977-11-02 [Field House - Seneca College, Toronto, ON] filler\109 Lazy Lightnin'.flac | B155: | | C155: Lazy Lightning | D155: |
A156: Z:\Grateful Dead\# Dick's Picks #\34 - 1977-11-05 [Community War Memorial, Rochester, NY]\101 New Minglewood Blues.flac | B156: | | C156: Minglewood Blues | D156: |
A157: Z:\Grateful Dead\# Dick's Picks #\34 - 1977-11-05 [Community War Memorial, Rochester, NY]\204 Samson & Delilah.flac | B157: | | C157: Samson And Delilah | D157: |
A158: Z:\Grateful Dead\# Dick's Picks #\34 - 1977-11-05 [Community War Memorial, Rochester, NY]\208 Rhythm Devils.flac | B158: | | C158: Rhythm Devils | D158: |
A159: Z:\Grateful Dead\# Dick's Picks #\35 - 1971-08-06 [Hollywood Palladium, Hollywood, CA] %II\205 Me & My Uncle.flac | B159: | | C159: Me And My Uncle | D159: |
A160: Z:\Grateful Dead\# Dick's Picks #\35 - 1971-08-07 [Golden Hall, San Diego, CA]\207 Me & My Uncle.flac | B160: | | C160: Me And My Uncle | D160: |
A161: Z:\Grateful Dead\# Dick's Picks #\35 - 1971-08-07 [Golden Hall, San Diego, CA]\209 Goin' Down The Road Feeling Bad.flac | B161: | | C161: Goin' Down The Road Feelin' Bad | D161: |
A162: Z:\Grateful Dead\# Dick's Picks #\35 - 1971-08-24 [Auditorium Theatre, Chicago, IL]\109 St. Stephen.flac | B162: | | C162: Saint Stephen | D162: |
... A205: Z:\Grateful Dead\# Dave's Picks #\06 - 1970-02-02 [Fox Theater, St. Louis, MO]\15 And We Bid You Goodnight.flac | B205: | | C205: And We Bid You Good Night | D205: |
A206: Z:\Grateful Dead\# Dave's Picks #\07 - 1978-04-24 [Horton Field House - Illinois State University, Normal, IL]\103 Me and My Uncle ».flac | B206: | | C206: Me And My Uncle | D206: | | E206: >
...
